"Billing Tag","Client","Agent","Instance","Backupset","Subclient","Storage Policy","Copy","Front End Backup Size","Front End Backup Cost","Front End Archive Size","Front End Archive Cost","Primary App Size","Primary App Cost","Protected App Size","Protected App Cost","Media Size","Media Cost","Total Cost"
"AWS - Glacier","cmay22lb25","Linux File System","DefaultInstanceName","GCOM ARCHIVE","GCOM_LOGS_CACHOS - ate - 18-04-2020","STP_GCOM_FS_LOG_RETENÇÃO_1ANO","2.AWS","0","0","0","0","0","0","0","0","0","0","0"
"AWS - Glacier","cmay22lb25","Linux File System","DefaultInstanceName","GCOM ARCHIVE","GCOM_LOGS_FLASHVIDEOS","#STP_DATACENTER_LOG_01","2.AWS","0","0","12.232","12.232","0","0","0","0","0","0","12.232"
"AWS - Glacier","cmay22lb11","Linux File System","DefaultInstanceName","BKP_ISILON","/mnt/isilon/DADOS_T","STP_TVGRJ_FS_FILE","2.AWS","3.045","3.045","0","0","0","0","0","0","0","0","3.045"
"AWS - Glacier","cmay22lb11","Linux File System","DefaultInstanceName","BKP_ISILON","/mnt/isilon/CGIAP-OBRASv","STP_TVGRJ_FS_FILE","2.AWS","1.296","1.296","0","0","0","0","0","0","0","0","1.296"
"AWS - Glacier","cmay22lb11","Linux File System","DefaultInstanceName","BKP_ISILON","/mnt/isilon/aspera","STP_TVGRJ_FS_FILE","2.AWS","1.874","1.874","0","0","0","0","0","0","0","0","1.874"
"AWS - Glacier","cmay22lb11","Linux File System","DefaultInstanceName","BKP_ISILON","diversos","STP_TVGRJ_FS_FILE","2.AWS","1.33","1.33","0","0","0","0","0","0","0","0","1.33"
"DCCM - OnPremisses","cmay22lb11","Linux File System","DefaultInstanceName","BKP_ISILON","fs_jb-aix-ora-p02","#STP_DATACENTER_FS_02","1.Primary","0.016","0.016","0","0","0.14","0.14","0.14","0.14","0.021","1.42","1.716"
"AWS - Glacier","cmay22lb11","Linux File System","DefaultInstanceName","BKP_ISILON","fs_jb-aix-ora-p02","#STP_DATACENTER_FS_02","2.AWS","0","0","0","0","0","0","0.016","0.016","0.015","4.937","4.953"
"AWS - Glacier","cmay22lb11","Linux File System","DefaultInstanceName","BKP_ISILON","fs_jb-aix-ora-p02_RETENCAO EXTENDIDA","_STP_DATACENTER_CLOUD_VAULT","Primary","0.216","0.216","0","0","0","0","0","0","0","0","0.216"
"DCCM - OnPremisses","cmay22lb11","Linux File System","DefaultInstanceName","defaultBackupSet","MIGRACAO","#STP_DATACENTER_FS_02","1.Primary","0","0","0","0","0","0","0","0","0","0","0"
"AWS - Glacier","cmay22lb11","Linux File System","DefaultInstanceName","defaultBackupSet","MIGRACAO","#STP_DATACENTER_FS_02","2.AWS","0","0","0","0","0","0","0","0","0","0","0"
"AWS - Glacier","cmay22lb19","Linux File System","DefaultInstanceName","ONDEMAND MONGO","ONDEMAND MONGO","STP_GCOM_FS_DB_02","2.AWS","0","0","0","0","0","0","0","0","0","0","0"
"AWS - Glacier","cmay22lb19","Linux File System","DefaultInstanceName","ONDEMAND MONGO","ONDEMAND MONGO","STP_GCOM_FS_DB_02","3-AWS ONDEMAND","0","0","0","0","0","0","0","0","0","0","0"
"AWS - Glacier","cmay22lb19","Linux File System","DefaultInstanceName","ONDEMAND MONGO","ONDEMAND MONGO","#STP_DATACENTER_DB_02","2.AWS","0","0","0","0","0","0","0","0","0","0","0"
"AWS - Glacier","cmay22lb19","Linux File System","DefaultInstanceName","ONDEMAND MYSQL","ONDEMAND MYSQL","STP_GCOM_FS_DB_02","2.AWS","0","0","0","0","0","0","0","0","0","0","0"
"AWS - Glacier","cmay22lb19","Linux File System","DefaultInstanceName","ONDEMAND MYSQL","ONDEMAND MYSQL","STP_GCOM_FS_DB_02","3-AWS ONDEMAND","0","0","0","0","0","0","0","0","0","0","0"
"DCCM - OnPremisses","cmay22lb19","Linux File System","DefaultInstanceName","ONDEMAND MYSQL","ONDEMAND MYSQL","STP_GCOM_FS_DB_02","1.Primary_New","0","0","0","0","0","0","0","0","0","0","0"
"AWS - Glacier","cmay22lb19","Linux File System","DefaultInstanceName","GCOM defaultBackupSet","GCOM_DB_ARANGODB","STP_GCOM_FS_DB_02","2.AWS","0","0","0","0","0","0","0","0","0","0","0"
"DCCM - OnPremisses","cmay22lb19","Linux File System","DefaultInstanceName","GCOM defaultBackupSet","GCOM_DB_ARANGODB","STP_GCOM_FS_DB_02","1.Primary_New","0","0","0","0","0","0","0","0","0","0","0"
"AWS - Glacier","cmay22lb19","Linux File System","DefaultInstanceName","GCOM defaultBackupSet","GCOM_DB_CASSANDRA","STP_GCOM_FS_DB_02","2.AWS","0","0","0","0","0","0","0","0","0","0","0"
"DCCM - OnPremisses","cmay22lb19","Linux File System","DefaultInstanceName","GCOM defaultBackupSet","GCOM_DB_CASSANDRA","STP_GCOM_FS_DB_02","1.Primary_New","0","0","0","0","0","0","0","0","0","0","0"
"AWS - Glacier","cmay22lb19","Linux File System","DefaultInstanceName","GCOM defaultBackupSet","GCOM_DB_DEV - Até 15-09-2020","STP_GCOM_FS_DB_02","2.AWS","0","0","0","0","0","0","0","0","0","0","0"
"AWS - Glacier","cmay22lb19","Linux File System","DefaultInstanceName","GCOM defaultBackupSet","GCOM_DB_MONGO","STP_GCOM_FS_DB_02","2.AWS","0","0","0","0","0","0","0","0","0","0","0"
"DCCM - OnPremisses","cmay22lb19","Linux File System","DefaultInstanceName","GCOM defaultBackupSet","GCOM_DB_MONGO","STP_GCOM_FS_DB_02","1.Primary_New","0","0","0","0","0","0","0","0","0","0","0"
"AWS - Glacier","cmay22lb19","Linux File System","DefaultInstanceName","GCOM defaultBackupSet","GCOM_DB_ORACLE_01","STP_GCOM_FS_DB_02","2.AWS","0","0","0","0","0","0","0","0","0","0","0"
"DCCM - OnPremisses","cmay22lb19","Linux File System","DefaultInstanceName","GCOM defaultBackupSet","GCOM_DB_ORACLE_01","STP_GCOM_FS_DB_02","1.Primary_New","0","0","0","0","0","0","0","0","0","0","0"
"AWS - Glacier","cmay22lb19","Linux File System","DefaultInstanceName","GCOM defaultBackupSet","GCOM_DB_ORACLE_02","STP_GCOM_FS_DB_02","2.AWS","0","0","0","0","0","0","0","0","0","0","0"
"DCCM - OnPremisses","cmay22lb19","Linux File System","DefaultInstanceName","GCOM defaultBackupSet","GCOM_DB_ORACLE_02","STP_GCOM_FS_DB_02","1.Primary_New","0","0","0","0","0","0","0","0","0","0","0"
"AWS - Glacier","cmay22lb19","Linux File System","DefaultInstanceName","GCOM defaultBackupSet","GCOM_DB_MYSQL_01","STP_GCOM_FS_DB_02","2.AWS","0","0","0","0","0","0","0","0","0","0","0"
"DCCM - OnPremisses","cmay22lb19","Linux File System","DefaultInstanceName","GCOM defaultBackupSet","GCOM_DB_MYSQL_01","STP_GCOM_FS_DB_02","1.Primary_New","0","0","0","0","0","0","0","0","0","0","0"
"AWS - Glacier","cmay22lb19","Linux File System","DefaultInstanceName","GCOM defaultBackupSet","GCOM_DB_MYSQL_03","STP_GCOM_FS_DB_02","2.AWS","0","0","0","0","0","0","0","0","0","0","0"
"DCCM - OnPremisses","cmay22lb19","Linux File System","DefaultInstanceName","GCOM defaultBackupSet","GCOM_DB_MYSQL_03","STP_GCOM_FS_DB_02","1.Primary_New","0","0","0","0","0","0","0","0","0","0","0"
"AWS - Glacier","cmay22lb19","Linux File System","DefaultInstanceName","GCOM defaultBackupSet","GCOM_DB_POSTGRE","STP_GCOM_FS_DB_02","2.AWS","0","0","0","0","0","0","0","0","0","0","0"
"AWS - Glacier","cmay22lb19","Linux File System","DefaultInstanceName","GCOM defaultBackupSet","GCOM_DB_QA","STP_GCOM_FS_DB_02","2.AWS","0","0","0","0","0","0","0","0","0","0","0"
"DCCM - OnPremisses","cmay22lb19","Linux File System","DefaultInstanceName","GCOM defaultBackupSet","GCOM_DB_QA","STP_GCOM_FS_DB_02","1.Primary_New","0","0","0","0","0","0","0","0","0","0","0"
"AWS - Glacier","cmay22lb19","Linux File System","DefaultInstanceName","GCOM defaultBackupSet","GCOM_DB_VIRTUOSO","STP_GCOM_FS_DB_02","2.AWS","0","0","0","0","0","0","0","0","0","0","0"
"DCCM - OnPremisses","cmay22lb19","Linux File System","DefaultInstanceName","GCOM defaultBackupSet","GCOM_DB_VIRTUOSO","STP_GCOM_FS_DB_02","1.Primary_New","0","0","0","0","0","0","0","0","0","0","0"
"AWS - Glacier","cmay22lb19","Linux File System","DefaultInstanceName","ONDEMAND FAAS_03","ONDEMAND FAAS_03","STP_GCOM_FS_DB_02","2.AWS","0","0","0","0","0","0","0","0","0","0","0"
"AWS - Glacier","cmay22lb19","Linux File System","DefaultInstanceName","ONDEMAND FAAS_03","ONDEMAND FAAS_03","STP_GCOM_FS_DB_02","3-AWS ONDEMAND","0","0","0","0","0","0","0","0","0","0","0"
"AWS - Glacier","cmay22lb19","Linux File System","DefaultInstanceName","GCOM defaultBackupSet","GCOM BACKUP SOB DEMANDA","STP_GCOM_FS_DB_02","2.AWS","0","0","0","0","0","0","0","0","0","0","0"
"AWS - Glacier","cmay22lb05","Linux File System","DefaultInstanceName","GCOM ARCHIVE","GCOM_LOGS_CACHOS","STP_GCOM_FS_LOG_RETENÇÃO_1ANO","2.AWS","0","0","0","0","0","0","0","0","0","0","0"
"DCCM - OnPremisses","cmay22lb05","Linux File System","DefaultInstanceName","GCOM ARCHIVE","GCOM_LOGS_CACHOS","#STP_DATACENTER_LOG_01","1.Primary","0","0","31.78","31.78","11.398","11.398","11.398","11.398","10.903","753.293","807.869"
"AWS - Glacier","cmay22lb05","Linux File System","DefaultInstanceName","GCOM ARCHIVE","GCOM_LOGS_CACHOS","#STP_DATACENTER_LOG_01","2.AWS","0","0","0","0","0","0","10.849","10.849","10.87","3,502.465","3,513.314"
"AWS - Glacier","cmay22lb05","Linux File System","DefaultInstanceName","GCOM ARCHIVE","GCOM_LOGS_GRAYLOG_01","STP_GCOM_FS_LOG_RETENÇÃO_1ANO","2.AWS","0","0","0","0","0","0","0","0","0","0","0"
"AWS - Glacier","cmay22lb05","Linux File System","DefaultInstanceName","GCOM ARCHIVE","GCOM_LOGS_GRAYLOG_02","STP_GCOM_FS_LOG_RETENÇÃO_1ANO","2.AWS","0","0","0","0","0","0","0","0","0","0","0"
"AWS - Glacier","cmay22lb05","Linux File System","DefaultInstanceName","GCOM ARCHIVE","GCOM_LOGS_GRAYLOG_03","STP_GCOM_FS_LOG_RETENÇÃO_1ANO","2.AWS","0","0","0","0","0","0","0","0","0","0","0"
"AWS - Glacier","cmay22lb05","Linux File System","DefaultInstanceName","GCOM ARCHIVE","GCOM_LOGS_GRAYLOG_04","STP_GCOM_FS_LOG_RETENÇÃO_1ANO","2.AWS","0","0","0","0","0","0","0","0","0","0","0"
"DCCM - OnPremisses","cmay22lb05","Linux File System","DefaultInstanceName","GCOM ARCHIVE","GCOM_LOGS_IIS","#STP_DATACENTER_LOG_01","1.Primary","0","0","3.885","3.885","1.666","1.666","1.666","1.666","1.594","110.132","117.349"
"AWS - Glacier","cmay22lb05","Linux File System","DefaultInstanceName","GCOM ARCHIVE","GCOM_LOGS_IIS","#STP_DATACENTER_LOG_01","2.AWS","0","0","0","0","0","0","1.48","1.48","0.117","37.678","39.158"
"AWS - Glacier","cmay22lb05","Linux File System","DefaultInstanceName","GCOM ARCHIVE","GCOM_LOGS_LOGSUNIX_01","STP_GCOM_FS_LOG_RETENÇÃO_1ANO","2.AWS","0","0","0","0","0","0","0","0","0","0","0"
"DCCM - OnPremisses","cmay22lb05","Linux File System","DefaultInstanceName","GCOM ARCHIVE","GCOM_LOGS_LOGSUNIX_01","#STP_DATACENTER_LOG_01","1.Primary","0","0","9.955","9.955","3.499","3.499","3.499","3.499","3.347","231.259","248.212"
"AWS - Glacier","cmay22lb05","Linux File System","DefaultInstanceName","GCOM ARCHIVE","GCOM_LOGS_LOGSUNIX_01","#STP_DATACENTER_LOG_01","2.AWS","0","0","0","0","0","0","3.188","3.188","3.174","1,022.569","1,025.757"
"AWS - Glacier","cmay22lb05","Linux File System","DefaultInstanceName","GCOM defaultBackupSet","GCOM_DB_CARTOLA","STP_GCOM_FS_DB","2.AWS","0","0","0","0","0","0","0","0","0","0","0"
"AWS - Glacier","cmay22lb05","Linux File System","DefaultInstanceName","GCOM defaultBackupSet","GCOM_DB_CASSANDRA","STP_GCOM_FS_DB","2.AWS","0","0","0","0","0","0","0","0","0","0","0"
"AWS - Glacier","cmay22lb05","Linux File System","DefaultInstanceName","GCOM defaultBackupSet","GCOM_DB_DEV","STP_GCOM_FS_DB","2.AWS","0.052","0.052","0","0","0","0","0","0","0","0","0.052"
"AWS - Glacier","cmay22lb05","Linux File System","DefaultInstanceName","GCOM defaultBackupSet","GCOM_DB_MONGO","STP_GCOM_FS_DB","2.AWS","0","0","0","0","0","0","0","0","0","0","0"
"DCCM - OnPremisses","cmay22lb05","Linux File System","DefaultInstanceName","GCOM defaultBackupSet","GCOM_DB_VIRTUOSO","STP_GCOM_FS_DB","1.newPool","0","0","0","0","0","0","0","0","0","0","0"
"AWS - Glacier","cmay22lb05","Linux File System","DefaultInstanceName","GCOM defaultBackupSet","GCOM_FS_BILLING","STP_GCOM_FS_FILE","4.AWS_OLD","0","0","0","0","0","0","0","0","0","0","0"
"AWS - Glacier","cmay22lb05","Linux File System","DefaultInstanceName","GCOM defaultBackupSet","GCOM_FS_GIT","STP_GCOM_FS_FILE","4.AWS_OLD","0","0","0","0","0","0","0","0","0","0","0"
"AWS - Glacier","cmay22lb05","Linux File System","DefaultInstanceName","GCOM defaultBackupSet","GCOM_FS_JENKINS","STP_GCOM_FS_FILE","4.AWS_OLD","0","0","0","0","0","0","0","0","0","0","0"
"AWS - Glacier","cmay22lb05","Linux File System","DefaultInstanceName","GCOM defaultBackupSet","GCOM_FS_JFROG","STP_GCOM_FS_FILE","4.AWS_OLD","0","0","0","0","0","0","0","0","0","0","0"
"AWS - Glacier","cmay22lb05","Linux File System","DefaultInstanceName","GCOM defaultBackupSet","GCOM_FS_MONITORACOES","STP_GCOM_FS_FILE","4.AWS_OLD","0","0","0","0","0","0","0","0","0","0","0"
"DCCM - OnPremisses","cmay22lb05","Linux File System","DefaultInstanceName","GCOM defaultBackupSet","GCOM_FS_SSVM","STP_GCOM_FS_FILE","3.Primary_OLD","0","0","0","0","0","0","0","0","0","0","0"
"AWS - Glacier","cmay22lb05","Linux File System","DefaultInstanceName","GCOM defaultBackupSet","GCOM_FS_SSVM","STP_GCOM_FS_FILE","4.AWS_OLD","0","0","0","0","0","0","0","0","0","0","0"
"AWS - Glacier","cmay22lb25","Linux File System","DefaultInstanceName","GCOM ARCHIVE","GCOM_LOGS_GRAYLOG_01","STP_GCOM_FS_LOG_RETENÇÃO_1ANO","2.AWS","0","0","0","0","0","0","0","0","0","0","0"
"AWS - Glacier","cmay22lb25","Linux File System","DefaultInstanceName","GCOM ARCHIVE","GCOM_LOGS_GRAYLOG_03","STP_GCOM_FS_LOG_RETENÇÃO_1ANO","2.AWS","0","0","0","0","0","0","0","0","0","0","0"
"AWS - Glacier","cmay22lb25","Linux File System","DefaultInstanceName","GCOM ARCHIVE","GCOM_LOGS_HLS","#STP_DATACENTER_LOG_01","2.AWS","0","0","0","0","0","0","0","0","0","0","0"
"AWS - Glacier","cmay22lb25","Linux File System","DefaultInstanceName","GCOM ARCHIVE","GCOM_LOGS_LOGSUNIX_02","STP_GCOM_FS_LOG_RETENÇÃO_1ANO","2.AWS","0","0","0","0","0","0","0","0","0","0","0"
"AWS - Glacier","cmay22lb25","Linux File System","DefaultInstanceName","GCOM ARCHIVE","GCOM_LOGS_LOGSUNIX_02","#STP_DATACENTER_LOG_01","2.AWS","0","0","0","0","0","0","0","0","0","0","0"
"AWS - Glacier","cmay22lb25","Linux File System","DefaultInstanceName","GCOM ARCHIVE","GCOM_LOGS_HLS_02","#STP_DATACENTER_LOG_01","2.AWS","0","0","0","0","0","0","0","0","0","0","0"
"AWS - Glacier","cmay22lb25","Linux File System","DefaultInstanceName","GCOM ARCHIVE","GCOM_LOGS_HLS_02","_STP_DATACENTER_CLOUD_VAULT","Primary","0","0","61.221","61.221","0","0","0","0","0","0","61.221"
"DCCM - OnPremisses","cmay22lb25","Linux File System","DefaultInstanceName","GCOM - FILESERVER","GCOM_LOGS_HLS_EX","#STP_DATACENTER_LOG_01","1.Primary","0.254","0.254","0","0","0","0","0","0","0","0","0.254"
"AWS - Glacier","cmay22lb25","Linux File System","DefaultInstanceName","GCOM - FILESERVER","GCOM_LOGS_HLS_EX","#STP_DATACENTER_LOG_01","2.AWS","0","0","0","0","0","0","0","0","0","0","0"
"AWS - Glacier","cmay22lb25","Linux File System","DefaultInstanceName","GCOM ARCHIVE","TESTE_ARCHIVE_01","STP_GCOM_FS_LOG_RETENÇÃO_1ANO","2.AWS","0","0","0","0","0","0","0","0","0","0","0"
"AWS - Glacier","cmay22lb25","Linux File System","DefaultInstanceName","ONDEMAND VIDEOS","ONDEMAND VIDEOS","STP_GCOM_FS_MEDIA","2.AWS","0","0","0","0","0","0","0","0","0","0","0"
"AWS - Glacier","cmay22lb25","Linux File System","DefaultInstanceName","GCOM - FILESERVER","BACKUP_FS_TEST","STP_GCOM_FS_FILE","4.AWS_OLD","0.202","0.202","0","0","0","0","0","0","0","0","0.202"
"DCCM - OnPremisses","cmay22lb25","Linux File System","DefaultInstanceName","GCOM - FILESERVER","TESTE_LB","STP_NO_DEDUP_CMAY22TL29","1-Primary","0","0","0","0","0","0","0","0","0","0","0"
"DCCM - OnPremisses","cmay22lb25","Linux File System","DefaultInstanceName","GCOM - FILESERVER","GCOM_LOGS_LOGSUNIX_NOT_ARCHIVE","STP_GCOM_FS_LOG_RETENÇÃO_1ANO","1.Primary","0","0","0","0","0","0","0","0","0","0","0"
"AWS - Glacier","cmay22lb25","Linux File System","DefaultInstanceName","GCOM - FILESERVER","GCOM_LOGS_LOGSUNIX_NOT_ARCHIVE","STP_GCOM_FS_LOG_RETENÇÃO_1ANO","2.AWS","0","0","0","0","0","0","0","0","0","0","0"
"DCCM - OnPremisses","cmay22lb25","Linux File System","DefaultInstanceName","GCOM ARCHIVE","GCOM_LOGS_CACHOS_OLD","STP_GCOM_FS_LOG_RETENÇÃO_1ANO","1.Primary","0","0","0","0","0","0","0","0","0","0","0"
"AWS - Glacier","cmay22lb25","Linux File System","DefaultInstanceName","GCOM ARCHIVE","GCOM_LOGS_CACHOS_OLD","STP_GCOM_FS_LOG_RETENÇÃO_1ANO","2.AWS","0","0","0","0","0","0","0","0","0","0","0"
"AWS - Glacier","cmay22lb25","Linux File System","DefaultInstanceName","GCOM ARCHIVE","GCOM_LOGS_CACHOS_OLD","#STP_DATACENTER_LOG_01","2.AWS","0","0","0","0","0","0","0","0","0","0","0"
"AWS - Glacier","cmay22lb25","Linux File System","DefaultInstanceName","GCOM ARCHIVE","GCOM_LOGS_CACHOS_OLD","#STP_DATACENTER_LOG_03","2-AWS","0","0","0","0","0","0","0","0","0","0","0"
"DCCM - OnPremisses","cmay22lb25","Linux File System","DefaultInstanceName","ONDEMAND ORACLE MINING_01","ONDEMAND ORACLE MINING_01","#STP_DATACENTER_DB_01","1.Primary","0","0","0","0","51.256","51.256","51.256","51.256","35.212","2,432.8","2,535.312"
"AWS - Glacier","cmay22lb25","Linux File System","DefaultInstanceName","ONDEMAND ORACLE MINING_01","ONDEMAND ORACLE MINING_01","#STP_DATACENTER_DB_01","2.AWS","0","0","0","0","0","0","0","0","0","0","0"
"DCCM - OnPremisses","cmay22lb25","Linux File System","DefaultInstanceName","ONDEMAND ORACLE MINING_01","ONDEMAND ORACLE MINING_01","#STP_DATACENTER_DB_02","1.Primary","0","0","0","0","0","0","0","0","0","0","0"
"AWS - Glacier","cmay22lb25","Linux File System","DefaultInstanceName","ONDEMAND ORACLE MINING_01","ONDEMAND ORACLE MINING_01","#STP_DATACENTER_DB_02","2.AWS","0","0","0","0","0","0","0","0","0","0","0"
"AWS - Glacier","cmay22lb25","Linux File System","DefaultInstanceName","ONDEMAND ORACLE MINING_01","ONDEMAND ORACLE MINING_01","_STP_DATACENTER_CLOUD_VAULT","Primary","0","0","0","0","0","0","0","0","0","0","0"
"AWS - Glacier","cmay22lb25","Linux File System","DefaultInstanceName","ONDEMAND ORACLE MINING_01","ONDEMAND ORACLE MINING_01","#STP_DATACENTER_DB_03","1-Primary","0","0","0","0","0","0","0","0","0","0","0"
"DCCM - OnPremisses","cmay22lb25","Linux File System","DefaultInstanceName","ONDEMAND ORACLE MINING_02","ONDEMAND ORACLE MINING_02","#STP_DATACENTER_DB_01","1.Primary","0","0","0","0","0.863","0.863","0.863","0.863","0.593","40.956","42.682"
"AWS - Glacier","cmay22lb25","Linux File System","DefaultInstanceName","ONDEMAND ORACLE MINING_02","ONDEMAND ORACLE MINING_02","#STP_DATACENTER_DB_01","2.AWS","0","0","0","0","0","0","0","0","0","0","0"
"DCCM - OnPremisses","cmay22lb25","Linux File System","DefaultInstanceName","ONDEMAND ORACLE MINING_02","ONDEMAND ORACLE MINING_02","#STP_DATACENTER_DB_02","1.Primary","0","0","0","0","0","0","0","0","0","0","0"
"AWS - Glacier","cmay22lb25","Linux File System","DefaultInstanceName","ONDEMAND ORACLE MINING_02","ONDEMAND ORACLE MINING_02","#STP_DATACENTER_DB_02","2.AWS","0","0","0","0","0","0","0","0","0","0","0"
"DCCM - OnPremisses","cmay22lb25","Linux File System","DefaultInstanceName","ONDEMAND ORACLE MINING_02","ONDEMAND ORACLE MINING_02","#STP_DATACENTER_LOG_01","1.Primary","0","0","0","0","0","0","0","0","0","0","0"
"AWS - Glacier","cmay22lb25","Linux File System","DefaultInstanceName","ONDEMAND ORACLE MINING_02","ONDEMAND ORACLE MINING_02","#STP_DATACENTER_LOG_01","2.AWS","0","0","0","0","0","0","0","0","0","0","0"
"AWS - Glacier","cmay22lb25","Linux File System","DefaultInstanceName","ONDEMAND ORACLE MINING_02","ONDEMAND ORACLE MINING_02","_STP_DATACENTER_CLOUD_VAULT","Primary","0","0","0","0","0","0","0","0","0","0","0"
"AWS - Glacier","cmay22lb25","Linux File System","DefaultInstanceName","ONDEMAND ORACLE MINING_02","ONDEMAND ORACLE MINING_02","#STP_DATACENTER_DB_03","1-Primary","0","0","0","0","0","0","0","0","0","0","0"
"AWS - Glacier","cmay22lb25","Linux File System","DefaultInstanceName","GCOM - FILESERVER","GCOM_FS_VIDEOS_LISTA","STP_GCOM_FS_MEDIA","2.AWS","0","0","0","0","0","0","0","0","0","0","0"
"DCCM - OnPremisses","cmay22lb25","Linux File System","DefaultInstanceName","GCOM - FILESERVER","GCOM_FS_VIDEOS_LISTA","STP_GCOM_FS_MEDIA","1.Primary_NEW","0","0","0","0","0","0","0","0","0","0","0"
"AWS - Glacier","cmay22lb25","Linux File System","DefaultInstanceName","ONDEMAND ORACLE","ONDEMAND ORACLE","STP_GCOM_FS_DB_02","2.AWS","0","0","0","0","0","0","0","0","0","0","0"
"AWS - Glacier","cmay22lb25","Linux File System","DefaultInstanceName","ONDEMAND ORACLE","ONDEMAND ORACLE","STP_GCOM_FS_DB_02","3-AWS ONDEMAND","0","0","0","0","0","0","0","0","0","0","0"
"DCCM - OnPremisses","cmay22lb25","Linux File System","DefaultInstanceName","ONDEMAND ORACLE","ONDEMAND ORACLE","#STP_DATACENTER_DB_01","1.Primary","0","0","0","0","63.883","63.883","63.883","63.883","43.887","3,032.124","3,159.89"
"AWS - Glacier","cmay22lb25","Linux File System","DefaultInstanceName","ONDEMAND ORACLE","ONDEMAND ORACLE","#STP_DATACENTER_DB_01","2.AWS","0","0","0","0","0","0","0","0","0","0","0"
"DCCM - OnPremisses","cmay22lb25","Linux File System","DefaultInstanceName","ONDEMAND ORACLE","ONDEMAND ORACLE","#STP_DATACENTER_DB_02","1.Primary","0","0","0","0","52.613","52.613","52.613","52.613","14.522","1,003.346","1,108.572"
"AWS - Glacier","cmay22lb25","Linux File System","DefaultInstanceName","ONDEMAND ORACLE","ONDEMAND ORACLE","#STP_DATACENTER_DB_02","2.AWS","0","0","0","0","0","0","0","0","0","0","0"
"AWS - Glacier","cmay22lb25","Linux File System","DefaultInstanceName","ONDEMAND ORACLE","ONDEMAND ORACLE","_STP_DATACENTER_CLOUD_VAULT","Primary","0","0","0","0","0","0","0","0","0","0","0"
"AWS - Glacier","cmay22lb25","Linux File System","DefaultInstanceName","ONDEMAND ORACLE","ONDEMAND ORACLE","#STP_DATACENTER_DB_02","3.AWS ONDEMAND","0","0","0","0","0","0","0","0","0","0","0"
"AWS - Glacier","cmay22lb25","Linux File System","DefaultInstanceName","GCOM - FILESERVER","GCOM_FS_ADM","STP_GCOM_FS_FILE","2.AWS_NEW","0","0","0","0","0","0","0","0","0","0","0"
"DCCM - OnPremisses","cmay22lb25","Linux File System","DefaultInstanceName","GCOM - FILESERVER","GCOM_FS_ADM","#STP_DATACENTER_FS_01","1.Primary","0.061","0.061","0","0","0","0","0","0","0","0.002","0.063"
"AWS - Glacier","cmay22lb25","Linux File System","DefaultInstanceName","GCOM - FILESERVER","GCOM_FS_ADM","#STP_DATACENTER_FS_01","2.AWS","0","0","0","0","0","0","0","0","0","0","0"
"DCCM - OnPremisses","cmay22lb25","Linux File System","DefaultInstanceName","GCOM - FILESERVER","GCOM_FS_ADM","#STP_DATACENTER_FS_02","1.Primary","0","0","0","0","0.245","0.245","0.245","0.245","0.036","2.477","2.967"
"AWS - Glacier","cmay22lb25","Linux File System","DefaultInstanceName","GCOM - FILESERVER","GCOM_FS_ADM","#STP_DATACENTER_FS_02","2.AWS","0","0","0","0","0","0","0.061","0.061","0.022","7.112","7.173"
"AWS - Glacier","cmay22lb25","Linux File System","DefaultInstanceName","GCOM - FILESERVER","GCOM_FS_ADM","_STP_DATACENTER_CLOUD_VAULT","Primary","0","0","0","0","0","0","0","0","0","0","0"
"AWS - Glacier","cmay22lb25","Linux File System","DefaultInstanceName","GCOM - FILESERVER","GCOM_FS_ADM","#STP_DATACENTER_FS_03","1-Primary","0","0","0","0","0","0","0","0","0","0","0"
"AWS - Glacier","cmay22lb25","Linux File System","DefaultInstanceName","ONDEMAND FAAS_02","ONDEMAND FAAS_02","STP_GCOM_FS_DB_02","2.AWS","0","0","0","0","0","0","0","0","0","0","0"
"AWS - Glacier","cmay22lb25","Linux File System","DefaultInstanceName","ONDEMAND FAAS_02","ONDEMAND FAAS_02","STP_GCOM_FS_DB_02","3-AWS ONDEMAND","0","0","0","0","0","0","0","0","0","0","0"
"DCCM - OnPremisses","cmay22lb25","Linux File System","DefaultInstanceName","ONDEMAND FAAS_02","ONDEMAND FAAS_02","#STP_DATACENTER_DB_01","1.Primary","0","0","0","0","24.147","24.147","24.147","24.147","16.589","1,146.117","1,194.411"
"AWS - Glacier","cmay22lb25","Linux File System","DefaultInstanceName","ONDEMAND FAAS_02","ONDEMAND FAAS_02","#STP_DATACENTER_DB_01","2.AWS","0","0","0","0","0","0","1.517","1.517","0.685","220.862","222.379"
"DCCM - OnPremisses","cmay22lb25","Linux File System","DefaultInstanceName","ONDEMAND FAAS_02","ONDEMAND FAAS_02","#STP_DATACENTER_DB_02","1.Primary","0","0","0","0","19.688","19.688","19.688","19.688","5.434","375.453","414.829"
"AWS - Glacier","cmay22lb25","Linux File System","DefaultInstanceName","ONDEMAND FAAS_02","ONDEMAND FAAS_02","#STP_DATACENTER_DB_02","2.AWS","0","0","0","0","0","0","1.513","1.513","0.681","219.459","220.972"
"AWS - Glacier","cmay22lb25","Linux File System","DefaultInstanceName","ONDEMAND FAAS_02","ONDEMAND FAAS_02","_STP_DATACENTER_CLOUD_VAULT","Primary","0","0","0","0","0","0","0","0","0","0","0"
"AWS - Glacier","cmay22lb25","Linux File System","DefaultInstanceName","ONDEMAND FAAS_02","ONDEMAND FAAS_02","#STP_DATACENTER_DB_02","3.AWS ONDEMAND","0","0","0","0","0","0","1.513","1.513","1.171","377.191","378.704"
"DCCM - OnPremisses","cmay22lb25","Linux File System","DefaultInstanceName","ONDEMAND FAAS_03","ONDEMAND FAAS_03","#STP_DATACENTER_DB_01","1.Primary","0","0","0","0","29.417","29.417","29.417","29.417","20.209","1,396.229","1,455.063"
"AWS - Glacier","cmay22lb25","Linux File System","DefaultInstanceName","ONDEMAND FAAS_03","ONDEMAND FAAS_03","#STP_DATACENTER_DB_01","2.AWS","0","0","0","0","0","0","1.68","1.68","0.716","230.772","232.452"
"DCCM - OnPremisses","cmay22lb25","Linux File System","DefaultInstanceName","ONDEMAND FAAS_03","ONDEMAND FAAS_03","#STP_DATACENTER_DB_02","1.Primary","0","0","0","0","20.129","20.129","20.129","20.129","5.556","383.878","424.136"
"AWS - Glacier","cmay22lb25","Linux File System","DefaultInstanceName","ONDEMAND FAAS_03","ONDEMAND FAAS_03","#STP_DATACENTER_DB_02","2.AWS","0","0","0","0","0","0","1.63","1.63","0.703","226.598","228.228"
"AWS - Glacier","cmay22lb25","Linux File System","DefaultInstanceName","ONDEMAND FAAS_03","ONDEMAND FAAS_03","_STP_DATACENTER_CLOUD_VAULT","Primary","0","0","0","0","0","0","0","0","0","0","0"
"AWS - Glacier","cmay22lb25","Linux File System","DefaultInstanceName","ONDEMAND FAAS_03","ONDEMAND FAAS_03","#STP_DATACENTER_DB_02","3.AWS ONDEMAND","0","0","0","0","0","0","1.63","1.63","1.261","406.409","408.039"
"AWS - Glacier","cmay22lb25","Linux File System","DefaultInstanceName","GCOM - FILESERVER","GCOM_DB_ARANGODB","#STP_DATACENTER_DB_01","2.AWS","0","0","0","0","0","0","0","0","0","0","0"
"DCCM - OnPremisses","cmay22lb25","Linux File System","DefaultInstanceName","GCOM - FILESERVER","GCOM_DB_ARANGODB","#STP_DATACENTER_DB_02","1.Primary","0.003","0.003","0","0","0","0","0","0","0","0","0.003"
"AWS - Glacier","cmay22lb25","Linux File System","DefaultInstanceName","GCOM - FILESERVER","GCOM_DB_ARANGODB","#STP_DATACENTER_DB_02","2.AWS","0","0","0","0","0","0","0.003","0.003","0.003","0.82","0.823"
"AWS - Glacier","cmay22lb25","Linux File System","DefaultInstanceName","GCOM - FILESERVER","GCOM_DB_ARANGODB","_STP_DATACENTER_CLOUD_VAULT","Primary","0","0","0","0","0","0","0","0","0","0","0"
"AWS - Glacier","cmay22lb25","Linux File System","DefaultInstanceName","GCOM - FILESERVER","GCOM_DB_CASSANDRA","#STP_DATACENTER_DB_02","2.AWS","0","0","0","0","0","0","3.449","3.449","2.822","909.32","912.769"
"AWS - Glacier","cmay22lb25","Linux File System","DefaultInstanceName","GCOM - FILESERVER","GCOM_DB_CASSANDRA","_STP_DATACENTER_CLOUD_VAULT","Primary","0","0","0","0","0","0","0","0","0","0","0"
"AWS - Glacier","cmay22lb25","Linux File System","DefaultInstanceName","GCOM - FILESERVER","GCOM_DB_CASSANDRA","#STP_DATACENTER_DB_01","2.AWS","0","0","0","0","0","0","0","0","0","0","0"
"DCCM - OnPremisses","cmay22lb25","Linux File System","DefaultInstanceName","GCOM - FILESERVER","GCOM_DB_CASSANDRA","#STP_DATACENTER_DB_02","1.Primary","3.677","3.677","0","0","0.001","0.001","0.001","0.001","0","0.014","3.693"
"AWS - Glacier","cmay22lb25","Linux File System","DefaultInstanceName","GCOM - FILESERVER","GCOM_DB_VIRTUOSO","#STP_DATACENTER_DB_01","2.AWS","0","0","0","0","0","0","0","0","0","0","0"
"DCCM - OnPremisses","cmay22lb25","Linux File System","DefaultInstanceName","GCOM - FILESERVER","GCOM_DB_VIRTUOSO","#STP_DATACENTER_DB_02","1.Primary","0.29","0.29","0","0","0","0","0","0","0","0","0.29"
"AWS - Glacier","cmay22lb25","Linux File System","DefaultInstanceName","GCOM - FILESERVER","GCOM_DB_VIRTUOSO","#STP_DATACENTER_DB_02","2.AWS","0","0","0","0","0","0","0.283","0.283","0.271","87.198","87.481"
"AWS - Glacier","cmay22lb25","Linux File System","DefaultInstanceName","GCOM - FILESERVER","GCOM_DB_VIRTUOSO","_STP_DATACENTER_CLOUD_VAULT","Primary","0","0","0","0","0","0","0","0","0","0","0"
"DCCM - OnPremisses","cmay22lb25","Linux File System","DefaultInstanceName","GCOM - FILESERVER","GCOM_DB_MONGO","#STP_DATACENTER_DB_01","1.Primary","2.188","2.188","0","0","0","0","0","0","0","0","2.188"
"AWS - Glacier","cmay22lb25","Linux File System","DefaultInstanceName","GCOM - FILESERVER","GCOM_DB_MONGO","#STP_DATACENTER_DB_01","2.AWS","0","0","0","0","0","0","2.173","2.173","1.005","323.828","326.001"
"DCCM - OnPremisses","cmay22lb25","Linux File System","DefaultInstanceName","GCOM - FILESERVER","GCOM_DB_MONGO","#STP_DATACENTER_DB_02","1.Primary","0","0","0","0","0","0","0","0","0","0","0"
"AWS - Glacier","cmay22lb05","Linux File System","DefaultInstanceName","GCOM defaultBackupSet","GCOM_FS_SUPSEG","STP_GCOM_FS_FILE","4.AWS_OLD","0","0","0","0","0","0","0","0","0","0","0"
"AWS - Glacier","cmay22lb05","Linux File System","DefaultInstanceName","GCOM defaultBackupSet","GCOM_FS_WWS","STP_GCOM_FS_FILE","4.AWS_OLD","0","0","0","0","0","0","0","0","0","0","0"
"AWS - Glacier","cmay22lb05","Linux File System","DefaultInstanceName","GCOM defaultBackupSet","GCOM_FS_SPSS","STP_GCOM_FS_FILE","4.AWS_OLD","0","0","0","0","0","0","0","0","0","0","0"
"AWS - Glacier","cmay22lb05","Linux File System","DefaultInstanceName","GCOM defaultBackupSet","GCOM_DB_QA","STP_GCOM_FS_DB","2.AWS","0","0","0","0","0","0","0","0","0","0","0"
"DCCM - OnPremisses","cmay22lb05","Linux File System","DefaultInstanceName","GCOM defaultBackupSet","GCOM_DB_QA","STP_GCOM_FS_DB","1.newPool","0","0","0","0","0","0","0","0","0","0","0"
"AWS - Glacier","cmay22lb05","Linux File System","DefaultInstanceName","GCOM defaultBackupSet","GCOM_FS_WEB","STP_GCOM_FS_FILE","4.AWS_OLD","0","0","0","0","0","0","0","0","0","0","0"
"AWS - Glacier","cmay22lb05","Linux File System","DefaultInstanceName","GCOM defaultBackupSet","GCOM_DB_POSTGRE","STP_GCOM_FS_DB","2.AWS","0","0","0","0","0","0","0","0","0","0","0"
"DCCM - OnPremisses","cmay22lb05","Linux File System","DefaultInstanceName","GCOM defaultBackupSet","GCOM_DB_POSTGRE","STP_GCOM_FS_DB","1.newPool","0","0","0","0","0","0","0","0","0","0","0"
"AWS - Glacier","cmay22lb05","Linux File System","DefaultInstanceName","GCOM defaultBackupSet","GCOM_DB_REDIS","STP_GCOM_FS_DB","2.AWS","0","0","0","0","0","0","0","0","0","0","0"
"DCCM - OnPremisses","cmay22lb05","Linux File System","DefaultInstanceName","GCOM defaultBackupSet","GCOM_DB_REDIS","STP_GCOM_FS_DB","1.newPool","0","0","0","0","0","0","0","0","0","0","0"
"AWS - Glacier","cmay22lb05","Linux File System","DefaultInstanceName","GCOM defaultBackupSet","GCOM_DB_REDIS","STP_GCOM_FS_DB","4.AWSforOLD","0","0","0","0","0","0","0","0","0","0","0"
"AWS - Glacier","cmay22lb05","Linux File System","DefaultInstanceName","GCOM defaultBackupSet","GCOM_DB_ZABBIX","STP_GCOM_FS_DB","2.AWS","0","0","0","0","0","0","0","0","0","0","0"
"DCCM - OnPremisses","cmay22lb05","Linux File System","DefaultInstanceName","GCOM defaultBackupSet","GCOM_DB_ZABBIX","STP_GCOM_FS_DB","1.newPool","0","0","0","0","0","0","0","0","0","0","0"
"AWS - Glacier","cmay22lb05","Linux File System","DefaultInstanceName","GCOM defaultBackupSet","GCOM_DB_ZABBIX","STP_GCOM_FS_DB","4.AWSforOLD","0","0","0","0","0","0","0","0","0","0","0"
"AWS - Glacier","cmay22lb05","Linux File System","DefaultInstanceName","GCOM defaultBackupSet","GCOM_DB_ORACLE_01","STP_GCOM_FS_DB","2.AWS","0","0","0","0","0","0","0","0","0","0","0"
"DCCM - OnPremisses","cmay22lb05","Linux File System","DefaultInstanceName","GCOM defaultBackupSet","GCOM_DB_ORACLE_01","STP_GCOM_FS_DB","1.newPool","0","0","0","0","0","0","0","0","0","0","0"
"AWS - Glacier","cmay22lb05","Linux File System","DefaultInstanceName","GCOM defaultBackupSet","GCOM_DB_ORACLE_02","STP_GCOM_FS_DB","2.AWS","0","0","0","0","0","0","0","0","0","0","0"
"AWS - Glacier","cmay22lb05","Linux File System","DefaultInstanceName","GCOM defaultBackupSet","GCOM_DB_MYSQL_01","STP_GCOM_FS_DB","2.AWS","0","0","0","0","0","0","0","0","0","0","0"
"DCCM - OnPremisses","cmay22lb05","Linux File System","DefaultInstanceName","GCOM defaultBackupSet","GCOM_DB_MYSQL_01","STP_GCOM_FS_DB","1.newPool","0","0","0","0","0","0","0","0","0","0","0"
"AWS - Glacier","cmay22lb05","Linux File System","DefaultInstanceName","GCOM defaultBackupSet","GCOM_FS_CORP_CITTA","STP_GCOM_FS_FILE","4.AWS_OLD","0","0","0","0","0","0","0","0","0","0","0"
"AWS - Glacier","cmay22lb05","Linux File System","DefaultInstanceName","GCOM defaultBackupSet","GCOM_DB_MYSQL_02","STP_GCOM_FS_DB","2.AWS","0","0","0","0","0","0","0","0","0","0","0"
"DCCM - OnPremisses","cmay22lb05","Linux File System","DefaultInstanceName","GCOM defaultBackupSet","GCOM_DB_MYSQL_02","STP_GCOM_FS_DB","1.newPool","0","0","0","0","0","0","0","0","0","0","0"
"AWS - Glacier","cmay22lb05","Linux File System","DefaultInstanceName","GCOM defaultBackupSet","GCOM_DB_MYSQL_02","STP_GCOM_FS_DB","4.AWSforOLD","0","0","0","0","0","0","0","0","0","0","0"
"AWS - Glacier","cmay22lb05","Linux File System","DefaultInstanceName","GCOM defaultBackupSet","GCOM_DB_MYSQL_03","STP_GCOM_FS_DB","2.AWS","0","0","0","0","0","0","0","0","0","0","0"
"DCCM - OnPremisses","cmay22lb05","Linux File System","DefaultInstanceName","GCOM defaultBackupSet","GCOM_DB_MYSQL_03","STP_GCOM_FS_DB","1.newPool","0","0","0","0","0","0","0","0","0","0","0"
"AWS - Glacier","cmay22lb05","Linux File System","DefaultInstanceName","GCOM defaultBackupSet","GCOM_DB_MYSQL_03","STP_GCOM_FS_DB","4.AWSforOLD","0","0","0","0","0","0","0","0","0","0","0"
"DCCM - OnPremisses","cmay22lb05","Linux File System","DefaultInstanceName","GCOM ARCHIVE","GCOM_LOGS_FLASHVIDEOS","#STP_DATACENTER_LOG_01","1.Primary","0","0","37.279","37.279","0","0","0","0","0","0.016","37.295"
"AWS - Glacier","cmay22lb05","Linux File System","DefaultInstanceName","GCOM ARCHIVE","GCOM_LOGS_FLASHVIDEOS","#STP_DATACENTER_LOG_01","2.AWS","0","0","0","0","0","0","15.02","15.02","15.049","4,848.833","4,863.853"
"DCCM - OnPremisses","cmay22lb05","Linux File System","DefaultInstanceName","GCOM ARCHIVE","GCOM_LOGS_HLS_02","#STP_DATACENTER_LOG_01","1.Primary","0","0","28.965","28.965","0","0","0","0","0","0.008","28.973"
"AWS - Glacier","cmay22lb05","Linux File System","DefaultInstanceName","GCOM ARCHIVE","GCOM_LOGS_HLS_02","#STP_DATACENTER_LOG_01","2.AWS","0","0","0","0","0","0","12.736","12.736","12.764","4,112.463","4,125.199"
"AWS - Glacier","cmay22lb09","Linux File System","DefaultInstanceName","GCOM defaultBackupSet","GCOM_FS_FOREMAN","STP_GCOM_FS_FILE","2.AWS_NEW","0","0","0","0","0","0","0","0","0","0","0"
"DCCM - OnPremisses","cmay22lb09","Linux File System","DefaultInstanceName","GCOM defaultBackupSet","GCOM_FS_FOREMAN","#STP_DATACENTER_FS_01","1.Primary","0","0","0","0","0","0","0","0","0","0","0"
"AWS - Glacier","cmay22lb09","Linux File System","DefaultInstanceName","GCOM defaultBackupSet","GCOM_FS_FOREMAN","#STP_DATACENTER_FS_01","2.AWS","0","0","0","0","0","0","0","0","0","0","0"
"AWS - Glacier","cmay22lb09","Linux File System","DefaultInstanceName","GCOM defaultBackupSet","GCOM_FS_JENKINS","STP_GCOM_FS_FILE","2.AWS_NEW","0","0","0","0","0","0","0","0","0","0","0"
"DCCM - OnPremisses","cmay22lb09","Linux File System","DefaultInstanceName","GCOM defaultBackupSet","GCOM_FS_JENKINS","#STP_DATACENTER_FS_01","1.Primary","0.041","0.041","0","0","0","0","0","0","0","0.001","0.042"
"AWS - Glacier","cmay22lb09","Linux File System","DefaultInstanceName","GCOM defaultBackupSet","GCOM_FS_JENKINS","#STP_DATACENTER_FS_01","2.AWS","0","0","0","0","0","0","0","0","0","0","0"
"DCCM - OnPremisses","cmay22lb09","Linux File System","DefaultInstanceName","GCOM defaultBackupSet","GCOM_FS_JENKINS","#STP_DATACENTER_FS_02","1.Primary","0","0","0","0","0","0","0","0","0","0.003","0.003"
"AWS - Glacier","cmay22lb09","Linux File System","DefaultInstanceName","GCOM defaultBackupSet","GCOM_FS_JENKINS","#STP_DATACENTER_FS_02","2.AWS","0","0","0","0","0","0","0.04","0.04","0.038","12.154","12.194"
"AWS - Glacier","cmay22lb09","Linux File System","DefaultInstanceName","GCOM defaultBackupSet","GCOM_FS_MEASURES","STP_GCOM_FS_FILE","2.AWS_NEW","0","0","0","0","0","0","0","0","0","0","0"
"DCCM - OnPremisses","cmay22lb09","Linux File System","DefaultInstanceName","GCOM defaultBackupSet","GCOM_FS_MEASURES","#STP_DATACENTER_FS_01","1.Primary","0","0","0","0","0","0","0","0","0","0","0"
"AWS - Glacier","cmay22lb09","Linux File System","DefaultInstanceName","GCOM defaultBackupSet","GCOM_FS_MEASURES","#STP_DATACENTER_FS_01","2.AWS","0","0","0","0","0","0","0","0","0","0","0"
"AWS - Glacier","cmay22lb09","Linux File System","DefaultInstanceName","GCOM defaultBackupSet","GCOM_FS_JFROG","STP_GCOM_FS_FILE","2.AWS_NEW","0","0","0","0","0","0","0","0","0","0","0"
"DCCM - OnPremisses","cmay22lb09","Linux File System","DefaultInstanceName","GCOM defaultBackupSet","GCOM_FS_JFROG","#STP_DATACENTER_FS_01","1.Primary","0","0","0","0","0","0","0","0","0","0","0"
"AWS - Glacier","cmay22lb09","Linux File System","DefaultInstanceName","GCOM defaultBackupSet","GCOM_FS_JFROG","#STP_DATACENTER_FS_01","2.AWS","0","0","0","0","0","0","0","0","0","0","0"
"AWS - Glacier","cmay22lb09","Linux File System","DefaultInstanceName","GCOM defaultBackupSet","GCOM_FS_HADOOP","STP_GCOM_FS_FILE","2.AWS_NEW","0","0","0","0","0","0","0","0","0","0","0"
"DCCM - OnPremisses","cmay22lb09","Linux File System","DefaultInstanceName","GCOM defaultBackupSet","GCOM_FS_HADOOP","#STP_DATACENTER_FS_01","1.Primary","0.049","0.049","0","0","0","0","0","0","0","0","0.049"
"AWS - Glacier","cmay22lb09","Linux File System","DefaultInstanceName","GCOM defaultBackupSet","GCOM_FS_HADOOP","#STP_DATACENTER_FS_01","2.AWS","0","0","0","0","0","0","0","0","0","0","0"
"DCCM - OnPremisses","cmay22lb09","Linux File System","DefaultInstanceName","GCOM defaultBackupSet","GCOM_FS_HADOOP","#STP_DATACENTER_FS_02","1.Primary","0","0","0","0","0","0","0","0","0","0","0"
"AWS - Glacier","cmay22lb09","Linux File System","DefaultInstanceName","GCOM defaultBackupSet","GCOM_FS_HADOOP","#STP_DATACENTER_FS_02","2.AWS","0","0","0","0","0","0","0.047","0.047","0.015","4.718","4.765"
"AWS - Glacier","cmay22lb09","Linux File System","DefaultInstanceName","GCOM defaultBackupSet","GCOM_FS_BILLING","STP_GCOM_FS_FILE","2.AWS_NEW","0","0","0","0","0","0","0","0","0","0","0"
"AWS - Glacier","cmay22lb09","Linux File System","DefaultInstanceName","GCOM defaultBackupSet","GCOM_FS_BILLING","#STP_DATACENTER_FS_01","2.AWS","0","0","0","0","0","0","0","0","0","0","0"
"DCCM - OnPremisses","cmay22lb09","Linux File System","DefaultInstanceName","GCOM defaultBackupSet","GCOM_FS_BILLING","#STP_DATACENTER_FS_02","1.Primary","0.047","0.047","0","0","0.188","0.188","0.188","0.188","0.027","1.897","2.32"
"AWS - Glacier","cmay22lb09","Linux File System","DefaultInstanceName","GCOM defaultBackupSet","GCOM_FS_BILLING","#STP_DATACENTER_FS_02","2.AWS","0","0","0","0","0","0","0.047","0.047","0.017","5.628","5.675"
"AWS - Glacier","cmay22lb09","Linux File System","DefaultInstanceName","GCOM defaultBackupSet","GCOM_FS_CORP_CITTA","STP_GCOM_FS_FILE","2.AWS_NEW","0","0","0","0","0","0","0","0","0","0","0"
"DCCM - OnPremisses","cmay22lb09","Linux File System","DefaultInstanceName","GCOM defaultBackupSet","GCOM_FS_CORP_CITTA","#STP_DATACENTER_FS_01","1.Primary","11.78","11.78","0","0","34.244","34.244","34.244","34.244","32.757","2,263.168","2,343.436"
"AWS - Glacier","cmay22lb09","Linux File System","DefaultInstanceName","GCOM defaultBackupSet","GCOM_FS_CORP_CITTA","#STP_DATACENTER_FS_01","2.AWS","0","0","0","0","0","0","11.78","11.78","1.079","347.666","359.446"
"DCCM - OnPremisses","cmay22lb09","Linux File System","DefaultInstanceName","GCOM defaultBackupSet","GCOM_FS_CORP_CITTA","#STP_DATACENTER_FS_02","1.Primary","0","0","0","0","0","0","0","0","0","0.004","0.004"
"AWS - Glacier","cmay22lb09","Linux File System","DefaultInstanceName","GCOM defaultBackupSet","GCOM_FS_CORP_CITTA","#STP_DATACENTER_FS_02","2.AWS","0","0","0","0","0","0","0","0","0","0","0"
"AWS - Glacier","cmay22lb09","Linux File System","DefaultInstanceName","GCOM defaultBackupSet","GCOM_FS_GIT","STP_GCOM_FS_FILE","2.AWS_NEW","0","0","0","0","0","0","0","0","0","0","0"
"DCCM - OnPremisses","cmay22lb09","Linux File System","DefaultInstanceName","GCOM defaultBackupSet","GCOM_FS_GIT","#STP_DATACENTER_FS_01","1.Primary","3.411","3.411","0","0","0.004","0.004","0.004","0.004","0.004","0.288","3.707"
"AWS - Glacier","cmay22lb09","Linux File System","DefaultInstanceName","GCOM defaultBackupSet","GCOM_FS_GIT","#STP_DATACENTER_FS_01","2.AWS","0","0","0","0","0","0","0","0","0","0","0"
"DCCM - OnPremisses","cmay22lb09","Linux File System","DefaultInstanceName","GCOM defaultBackupSet","GCOM_FS_GIT","#STP_DATACENTER_FS_02","1.Primary","0","0","0","0","0.014","0.014","0.014","0.014","0.002","0.138","0.166"
"AWS - Glacier","cmay22lb09","Linux File System","DefaultInstanceName","GCOM defaultBackupSet","GCOM_FS_GIT","#STP_DATACENTER_FS_02","2.AWS","0","0","0","0","0","0","0.032","0.032","0.028","9.129","9.161"
"AWS - Glacier","cmay22lb09","Linux File System","DefaultInstanceName","GCOM defaultBackupSet","GCOM_FS_ZABBIX","STP_GCOM_FS_FILE","2.AWS_NEW","0","0","0","0","0","0","0","0","0","0","0"
"AWS - Glacier","cmay22lb25","Linux File System","DefaultInstanceName","GCOM - FILESERVER","GCOM_DB_MONGO","#STP_DATACENTER_DB_02","2.AWS","0","0","0","0","0","0","1.837","1.837","0.77","248.198","250.035"
"AWS - Glacier","cmay22lb25","Linux File System","DefaultInstanceName","GCOM - FILESERVER","GCOM_DB_MONGO","_STP_DATACENTER_CLOUD_VAULT","Primary","0","0","0","0","0","0","0","0","0","0","0"
"DCCM - OnPremisses","cmay22lb25","Linux File System","DefaultInstanceName","GCOM - FILESERVER","GCOM_DB_MYSQL_03","#STP_DATACENTER_DB_01","1.Primary","2.715","2.715","0","0","0","0","0","0","0","0.001","2.716"
"AWS - Glacier","cmay22lb25","Linux File System","DefaultInstanceName","GCOM - FILESERVER","GCOM_DB_MYSQL_03","#STP_DATACENTER_DB_01","2.AWS","0","0","0","0","0","0","0.564","0.564","0.197","63.463","64.027"
"DCCM - OnPremisses","cmay22lb25","Linux File System","DefaultInstanceName","GCOM - FILESERVER","GCOM_DB_MYSQL_03","#STP_DATACENTER_DB_02","1.Primary","0","0","0","0","0","0","0","0","0","0","0"
"AWS - Glacier","cmay22lb25","Linux File System","DefaultInstanceName","GCOM - FILESERVER","GCOM_DB_MYSQL_03","#STP_DATACENTER_DB_02","2.AWS","0","0","0","0","0","0","0","0","0","0","0"
"AWS - Glacier","cmay22lb25","Linux File System","DefaultInstanceName","GCOM - FILESERVER","GCOM_DB_MYSQL_03","_STP_DATACENTER_CLOUD_VAULT","Primary","0","0","0","0","0","0","0","0","0","0","0"
"AWS - Glacier","cmay22lb25","Linux File System","DefaultInstanceName","GCOM - FILESERVER","GCOM_DB_MYSQL_01","_STP_DATACENTER_CLOUD_VAULT","Primary","0","0","0","0","0","0","0","0","0","0","0"
"DCCM - OnPremisses","cmay22lb25","Linux File System","DefaultInstanceName","GCOM - FILESERVER","GCOM_DB_MYSQL_01","#STP_DATACENTER_DB_01","1.Primary","4.339","4.339","0","0","0","0","0","0","0","0.004","4.343"
"AWS - Glacier","cmay22lb25","Linux File System","DefaultInstanceName","GCOM - FILESERVER","GCOM_DB_MYSQL_01","#STP_DATACENTER_DB_01","2.AWS","0","0","0","0","0","0","3.553","3.553","0.801","258.129","261.682"
"DCCM - OnPremisses","cmay22lb25","Linux File System","DefaultInstanceName","GCOM - FILESERVER","GCOM_DB_MYSQL_01","#STP_DATACENTER_DB_02","1.Primary","0","0","0","0","0","0","0","0","0","0","0"
"AWS - Glacier","cmay22lb25","Linux File System","DefaultInstanceName","GCOM - FILESERVER","GCOM_DB_MYSQL_01","#STP_DATACENTER_DB_02","2.AWS","0","0","0","0","0","0","0","0","0","0","0"
"AWS - Glacier","cmay22lb25","Linux File System","DefaultInstanceName","GCOM - FILESERVER","CTASK0016256-CHG0048032","_STP_DATACENTER_CLOUD_VAULT","Primary","0","0","0","0","0","0","0","0","0","0","0"
"DCCM - OnPremisses","cmay22lb25","Linux File System","DefaultInstanceName","GCOM - FILESERVER","GCOM_FS_WEBLOGIC","#STP_DATACENTER_FS_01","1.Primary","0.341","0.341","0","0","0","0","0","0","0","0.001","0.342"
"AWS - Glacier","cmay22lb25","Linux File System","DefaultInstanceName","GCOM - FILESERVER","GCOM_FS_WEBLOGIC","#STP_DATACENTER_FS_01","2.AWS","0","0","0","0","0","0","0","0","0","0","0"
"DCCM - OnPremisses","cmay22lb25","Linux File System","DefaultInstanceName","GCOM - FILESERVER","GCOM_FS_WEBLOGIC","#STP_DATACENTER_FS_02","1.Primary","0","0","0","0","0.003","0.003","0.003","0.003","0","0.034","0.04"
"AWS - Glacier","cmay22lb25","Linux File System","DefaultInstanceName","GCOM - FILESERVER","GCOM_FS_WEBLOGIC","#STP_DATACENTER_FS_02","2.AWS","0","0","0","0","0","0","0.026","0.026","0.02","6.472","6.498"
"DCCM - OnPremisses","cmay22lb25","Linux File System","DefaultInstanceName","GCOM - FILESERVER","GCOM_FS_MEASURES","#STP_DATACENTER_FS_01","1.Primary","4.492","4.492","0","0","4.483","4.483","4.483","4.483","4.288","296.251","309.709"
"AWS - Glacier","cmay22lb25","Linux File System","DefaultInstanceName","GCOM - FILESERVER","GCOM_FS_MEASURES","#STP_DATACENTER_FS_01","2.AWS","0","0","0","0","0","0","0","0","0","0","0"
"DCCM - OnPremisses","cmay22lb25","Linux File System","DefaultInstanceName","GCOM - FILESERVER","GCOM_FS_MEASURES","#STP_DATACENTER_FS_02","1.Primary","0","0","0","0","13.458","13.458","13.458","13.458","1.969","136.061","162.977"
"AWS - Glacier","cmay22lb25","Linux File System","DefaultInstanceName","GCOM - FILESERVER","GCOM_FS_MEASURES","#STP_DATACENTER_FS_02","2.AWS","0","0","0","0","0","0","4.374","4.374","3.202","1,031.571","1,035.945"
"AWS - Glacier","cmay22lb25","Linux File System","DefaultInstanceName","GCOM - FILESERVER","GCOM_FS_MEASURES","_STP_DATACENTER_CLOUD_VAULT","Primary","0","0","0","0","0","0","0","0","0","0","0"
"DCCM - OnPremisses","cmay22lb25","Linux File System","DefaultInstanceName","GCOM - FILESERVER","GCOM_FS_FOREMAN","#STP_DATACENTER_FS_01","1.Primary","0","0","0","0","0.001","0.001","0.001","0.001","0.001","0.071","0.073"
"AWS - Glacier","cmay22lb25","Linux File System","DefaultInstanceName","GCOM - FILESERVER","GCOM_FS_FOREMAN","#STP_DATACENTER_FS_01","2.AWS","0","0","0","0","0","0","0","0","0","0","0"
"DCCM - OnPremisses","cmay22lb25","Linux File System","DefaultInstanceName","GCOM - FILESERVER","GCOM_FS_FOREMAN","#STP_DATACENTER_FS_02","1.Primary","0.006","0.006","0","0","0.015","0.015","0.015","0.015","0.002","0.154","0.19"
"AWS - Glacier","cmay22lb25","Linux File System","DefaultInstanceName","GCOM - FILESERVER","GCOM_FS_FOREMAN","#STP_DATACENTER_FS_02","2.AWS","0","0","0","0","0","0","0.006","0.006","0.004","1.21","1.216"
"AWS - Glacier","cmay22lb25","Linux File System","DefaultInstanceName","GCOM - FILESERVER","GCOM_FS_JFROG","#STP_DATACENTER_FS_01","2.AWS","0","0","0","0","0","0","0","0","0","0","0"
"DCCM - OnPremisses","cmay22lb25","Linux File System","DefaultInstanceName","GCOM - FILESERVER","GCOM_FS_JFROG","#STP_DATACENTER_FS_02","1.Primary","0","0","0","0","12.704","12.704","12.704","12.704","1.859","128.439","153.847"
"AWS - Glacier","cmay22lb25","Linux File System","DefaultInstanceName","GCOM - FILESERVER","GCOM_FS_JFROG","#STP_DATACENTER_FS_02","2.AWS","0","0","0","0","0","0","1.559","1.559","1.547","498.349","499.908"
"AWS - Glacier","cmay22lb25","Linux File System","DefaultInstanceName","GCOM - FILESERVER","GCOM_FS_JFROG","_STP_DATACENTER_CLOUD_VAULT","Primary","0","0","0","0","0","0","0","0","0","0","0"
"AWS - Glacier","cmay22lb25","Linux File System","DefaultInstanceName","GCOM - FILESERVER","GCOM_FS_JFROG","#STP_DATACENTER_FS_03","1-Primary","0","0","0","0","0","0","0","0","0","0","0"
"DCCM - OnPremisses","cmay22lb25","Linux File System","DefaultInstanceName","GCOM - FILESERVER","GCOM_FS_JFROG","#STP_DATACENTER_FS_01","1.Primary","8.307","8.307","0","0","8.358","8.358","8.358","8.358","7.995","552.362","577.385"
"AWS - Glacier","cmay22lb25","Linux File System","DefaultInstanceName","GCOM ARCHIVE","GCOM_LOGS_CACHOS_02","#STP_DATACENTER_LOG_01","2.AWS","0","0","0","0","0","0","0","0","0","0","0"
"AWS - Glacier","cmay22lb25","Linux File System","DefaultInstanceName","GCOM ARCHIVE","GCOM_LOGS_CACHOS_02","#STP_DATACENTER_LOG_03","2-AWS","0","0","0","0","0","0","0","0","0","0","0"
"DCCM - OnPremisses","cmay22lb25","Linux File System","DefaultInstanceName","GCOM - FILESERVER","GCOM_FS_WEB","#STP_DATACENTER_FS_01","1.Primary","0.148","0.148","0","0","0.149","0.149","0.149","0.149","0.142","9.817","10.263"
"DCCM - OnPremisses","cmay22lb25","Linux File System","DefaultInstanceName","GCOM - FILESERVER","GCOM_FS_WEB","#STP_DATACENTER_FS_02","1.Primary","0","0","0","0","0.594","0.594","0.594","0.594","0.087","6.007","7.195"
"AWS - Glacier","cmay22lb25","Linux File System","DefaultInstanceName","GCOM - FILESERVER","GCOM_FS_WEB","#STP_DATACENTER_FS_02","2.AWS","0","0","0","0","0","0","0.148","0.148","0.135","43.592","43.74"
"AWS - Glacier","cmay22lb25","Linux File System","DefaultInstanceName","GCOM - FILESERVER","GCOM_FS_WEB","_STP_DATACENTER_CLOUD_VAULT","Primary","0","0","0","0","0","0","0","0","0","0","0"
"AWS - Glacier","cmay22lb25","Linux File System","DefaultInstanceName","GCOM - FILESERVER","GCOM_FS_WEB","#STP_DATACENTER_FS_03","1-Primary","0","0","0","0","0","0","0","0","0","0","0"
"DCCM - OnPremisses","cmay22lb09","Linux File System","DefaultInstanceName","GCOM defaultBackupSet","GCOM_FS_ZABBIX","#STP_DATACENTER_FS_01","1.Primary","0.523","0.523","0","0","0.022","0.022","0.022","0.022","0.021","1.473","2.04"
"AWS - Glacier","cmay22lb09","Linux File System","DefaultInstanceName","GCOM defaultBackupSet","GCOM_FS_ZABBIX","#STP_DATACENTER_FS_01","2.AWS","0","0","0","0","0","0","0","0","0","0","0"
"DCCM - OnPremisses","cmay22lb09","Linux File System","DefaultInstanceName","GCOM defaultBackupSet","GCOM_FS_ZABBIX","#STP_DATACENTER_FS_02","1.Primary","0","0","0","0","2.184","2.184","2.184","2.184","0.32","22.079","26.447"
"AWS - Glacier","cmay22lb09","Linux File System","DefaultInstanceName","GCOM defaultBackupSet","GCOM_FS_ZABBIX","#STP_DATACENTER_FS_02","2.AWS","0","0","0","0","0","0","0.026","0.026","0.022","7.2","7.226"
"AWS - Glacier","cmay22lb09","Linux File System","DefaultInstanceName","GCOM defaultBackupSet","GCOM_FS_SPSS","STP_GCOM_FS_FILE","2.AWS_NEW","0","0","0","0","0","0","0","0","0","0","0"
"AWS - Glacier","cmay22lb09","Linux File System","DefaultInstanceName","GCOM defaultBackupSet","GCOM_FS_SPSS","#STP_DATACENTER_FS_01","2.AWS","0","0","0","0","0","0","0","0","0","0","0"
"DCCM - OnPremisses","cmay22lb09","Linux File System","DefaultInstanceName","GCOM defaultBackupSet","GCOM_FS_SPSS","#STP_DATACENTER_FS_02","1.Primary","0","0","0","0","0","0","0","0","0","0","0"
"AWS - Glacier","cmay22lb09","Linux File System","DefaultInstanceName","GCOM defaultBackupSet","GCOM_FS_SPSS","#STP_DATACENTER_FS_02","2.AWS","0","0","0","0","0","0","0","0","0","0","0"
"AWS - Glacier","cmay22lb09","Linux File System","DefaultInstanceName","GCOM defaultBackupSet","GCOM_FS_SPSS","_STP_DATACENTER_CLOUD_VAULT","Primary","0","0","0","0","0","0","0","0","0","0","0"
"AWS - Glacier","cmay22lb09","Linux File System","DefaultInstanceName","GCOM defaultBackupSet","GCOM_FS_SSVM","STP_GCOM_FS_FILE","2.AWS_NEW","0","0","0","0","0","0","0","0","0","0","0"
"DCCM - OnPremisses","cmay22lb09","Linux File System","DefaultInstanceName","GCOM defaultBackupSet","GCOM_FS_SSVM","#STP_DATACENTER_FS_01","1.Primary","10.098","10.098","0","0","0","0","0","0","0","0","10.098"
"AWS - Glacier","cmay22lb09","Linux File System","DefaultInstanceName","GCOM defaultBackupSet","GCOM_FS_SSVM","#STP_DATACENTER_FS_01","2.AWS","0","0","0","0","0","0","0","0","0","0","0"
"DCCM - OnPremisses","cmay22lb09","Linux File System","DefaultInstanceName","GCOM defaultBackupSet","GCOM_FS_SSVM","#STP_DATACENTER_FS_02","1.Primary","0","0","0","0","40.437","40.437","40.437","40.437","5.917","408.825","489.699"
"AWS - Glacier","cmay22lb09","Linux File System","DefaultInstanceName","GCOM defaultBackupSet","GCOM_FS_SSVM","#STP_DATACENTER_FS_02","2.AWS","0","0","0","0","0","0","0.733","0.733","0.345","111.201","111.934"
"AWS - Glacier","cmay22lb09","Linux File System","DefaultInstanceName","GCOM defaultBackupSet","GCOM_FS_SSVM","_STP_DATACENTER_CLOUD_VAULT","Primary","0","0","0","0","0","0","0","0","0","0","0"
"AWS - Glacier","cmay22lb09","Linux File System","DefaultInstanceName","GCOM defaultBackupSet","GCOM_FS_SUPSEG","STP_GCOM_FS_FILE","2.AWS_NEW","0","0","0","0","0","0","0","0","0","0","0"
"DCCM - OnPremisses","cmay22lb09","Linux File System","DefaultInstanceName","GCOM defaultBackupSet","GCOM_FS_SUPSEG","#STP_DATACENTER_FS_01","1.Primary","1.613","1.613","0","0","0.004","0.004","0.004","0.004","0.004","0.255","1.876"
"AWS - Glacier","cmay22lb09","Linux File System","DefaultInstanceName","GCOM defaultBackupSet","GCOM_FS_SUPSEG","#STP_DATACENTER_FS_01","2.AWS","0","0","0","0","0","0","0","0","0","0","0"
"DCCM - OnPremisses","cmay22lb09","Linux File System","DefaultInstanceName","GCOM defaultBackupSet","GCOM_FS_SUPSEG","#STP_DATACENTER_FS_02","1.Primary","0","0","0","0","5.608","5.608","5.608","5.608","0.821","56.695","67.911"
"AWS - Glacier","cmay22lb09","Linux File System","DefaultInstanceName","GCOM defaultBackupSet","GCOM_FS_SUPSEG","#STP_DATACENTER_FS_02","2.AWS","0","0","0","0","0","0","0.136","0.136","0.095","30.477","30.613"
"AWS - Glacier","cmay22lb09","Linux File System","DefaultInstanceName","GCOM defaultBackupSet","GCOM_FS_WEB","STP_GCOM_FS_FILE","2.AWS_NEW","0","0","0","0","0","0","0","0","0","0","0"
"AWS - Glacier","cmay22lb09","Linux File System","DefaultInstanceName","GCOM defaultBackupSet","GCOM_FS_WEB","#STP_DATACENTER_FS_01","2.AWS","0","0","0","0","0","0","0","0","0","0","0"
"AWS - Glacier","cmay22lb09","Linux File System","DefaultInstanceName","GCOM defaultBackupSet","GCOM_FS_WEB","#STP_DATACENTER_FS_03","1-Primary","0","0","0","0","0","0","0","0","0","0","0"
"AWS - Glacier","cmay22lb09","Linux File System","DefaultInstanceName","GCOM defaultBackupSet","GCOM_FS_WWS","STP_GCOM_FS_FILE","2.AWS_NEW","0","0","0","0","0","0","0","0","0","0","0"
"DCCM - OnPremisses","cmay22lb09","Linux File System","DefaultInstanceName","GCOM defaultBackupSet","GCOM_FS_WWS","#STP_DATACENTER_FS_01","1.Primary","0.016","0.016","0","0","0.016","0.016","0.016","0.016","0.016","1.071","1.119"
"AWS - Glacier","cmay22lb09","Linux File System","DefaultInstanceName","GCOM defaultBackupSet","GCOM_FS_WWS","#STP_DATACENTER_FS_01","2.AWS","0","0","0","0","0","0","0","0","0","0","0"
"DCCM - OnPremisses","cmay22lb09","Linux File System","DefaultInstanceName","GCOM defaultBackupSet","GCOM_FS_WWS","#STP_DATACENTER_FS_02","1.Primary","0","0","0","0","0.049","0.049","0.049","0.049","0.007","0.491","0.589"
"AWS - Glacier","cmay22lb09","Linux File System","DefaultInstanceName","GCOM defaultBackupSet","GCOM_FS_WWS","#STP_DATACENTER_FS_02","2.AWS","0","0","0","0","0","0","0.016","0.016","0.015","4.952","4.968"
"AWS - Glacier","cmay22lb07","Linux File System","DefaultInstanceName","GCOM defaultBackupSet","GCOM_FS_FOREMAN","STP_GCOM_FS_FILE","4.AWS_OLD","0","0","0","0","0","0","0","0","0","0","0"
"AWS - Glacier","cmay22lb07","Linux File System","DefaultInstanceName","GCOM defaultBackupSet","GCOM_FS_MEASURES","STP_GCOM_FS_FILE","4.AWS_OLD","0","0","0","0","0","0","0","0","0","0","0"
"DCCM - OnPremisses","cmay22lb07","Linux File System","DefaultInstanceName","GCOM defaultBackupSet","GCOM_FS_JFROG","STP_GCOM_FS_FILE","3.Primary_OLD","0","0","0","0","0","0","0","0","0","0","0"
"AWS - Glacier","cmay22lb07","Linux File System","DefaultInstanceName","GCOM defaultBackupSet","GCOM_FS_JFROG","STP_GCOM_FS_FILE","4.AWS_OLD","0","0","0","0","0","0","0","0","0","0","0"
"AWS - Glacier","cmay22lb07","Linux File System","DefaultInstanceName","GCOM defaultBackupSet","GCOM_FS_BILLING","STP_GCOM_FS_FILE","4.AWS_OLD","0","0","0","0","0","0","0","0","0","0","0"
"AWS - Glacier","cmay22lb07","Linux File System","DefaultInstanceName","GCOM defaultBackupSet","GCOM_FS_GIT","STP_GCOM_FS_FILE","4.AWS_OLD","0","0","0","0","0","0","0","0","0","0","0"
"AWS - Glacier","cmay22lb07","Linux File System","DefaultInstanceName","GCOM defaultBackupSet","GCOM_FS_MONITORACOES","STP_GCOM_FS_FILE","4.AWS_OLD","0","0","0","0","0","0","0","0","0","0","0"
"AWS - Glacier","cmay22lb07","Linux File System","DefaultInstanceName","GCOM defaultBackupSet","GCOM_FS_SUPSEG","STP_GCOM_FS_FILE","4.AWS_OLD","0","0","0","0","0","0","0","0","0","0","0"
"AWS - Glacier","cmay22lb07","Linux File System","DefaultInstanceName","GCOM defaultBackupSet","GCOM_FS_WEB","STP_GCOM_FS_FILE","4.AWS_OLD","0","0","0","0","0","0","0","0","0","0","0"
"AWS - Glacier","cmay22lb03","Linux File System","DefaultInstanceName","GCOM defaultBackupSet","GCOM_FS_JFROG","STP_GCOM_FS_FILE","4.AWS_OLD","0","0","0","0","0","0","0","0","0","0","0"
"AWS - Glacier","cmay22lb03","Linux File System","DefaultInstanceName","GCOM defaultBackupSet","GCOM_FS_MEASURES","STP_GCOM_FS_FILE","4.AWS_OLD","0","0","0","0","0","0","0","0","0","0","0"
"AWS - Glacier","cmay22lb03","Linux File System","DefaultInstanceName","GCOM defaultBackupSet","GCOM_FS_SUPSEG","STP_GCOM_FS_FILE","4.AWS_OLD","0","0","0","0","0","0","0","0","0","0","0"
"AWS - Glacier","cmay22lb03","Linux File System","DefaultInstanceName","GCOM ARCHIVE","GCOM_LOGS_GRAYLOG_04","STP_GCOM_FS_LOG_RETENÇÃO_1ANO","2.AWS","0","0","0","0","0","0","0","0","0","0","0"
"AWS - Glacier","cmay22lb03","Linux File System","DefaultInstanceName","GCOM ARCHIVE","GCOM_LOGS_GRAYLOG_03","STP_GCOM_FS_LOG_RETENÇÃO_1ANO","2.AWS","0","0","0","0","0","0","0","0","0","0","0"
"AWS - Glacier","cmay22lb03","Linux File System","DefaultInstanceName","GCOM ARCHIVE","GCOM_LOGS_CACHOS","STP_GCOM_FS_LOG_RETENÇÃO_1ANO","2.AWS","0","0","75.673","75.673","0","0","0","0","0","0","75.673"
"AWS - Glacier","cmay22lb03","Linux File System","DefaultInstanceName","GCOM ARCHIVE","GCOM_LOGS_CACHOS","#STP_DATACENTER_LOG_01","2.AWS","0","0","0","0","0","0","0","0","0","0","0"
"AWS - Glacier","cmay22lb03","Linux File System","DefaultInstanceName","GCOM ARCHIVE","GCOM_LOGS_GRAYLOG_01","STP_GCOM_FS_LOG_RETENÇÃO_1ANO","2.AWS","0","0","0","0","0","0","0","0","0","0","0"
"AWS - Glacier","cmay22lb03","Linux File System","DefaultInstanceName","GCOM ARCHIVE","GCOM_LOGS_GRAYLOG_02","STP_GCOM_FS_LOG_RETENÇÃO_1ANO","2.AWS","0","0","0","0","0","0","0","0","0","0","0"
"AWS - Glacier","cmay22lb03","Linux File System","DefaultInstanceName","GCOM defaultBackupSet","GCOM_DB_MONGO","STP_GCOM_FS_DB","2.AWS","0","0","0","0","0","0","0","0","0","0","0"
"DCCM - OnPremisses","cmay22lb03","Linux File System","DefaultInstanceName","GCOM defaultBackupSet","GCOM_DB_MONGO","STP_GCOM_FS_DB","1.newPool","0","0","0","0","0","0","0","0","0","0","0"
"AWS - Glacier","cmay22lb03","Linux File System","DefaultInstanceName","GCOM defaultBackupSet","GCOM_DB_MONGO","STP_GCOM_FS_DB","4.AWSforOLD","0","0","0","0","0","0","0","0","0","0","0"
"AWS - Glacier","cmay22lb03","Linux File System","DefaultInstanceName","GCOM defaultBackupSet","GCOM_DB_ARANGODB","STP_GCOM_FS_DB","2.AWS","0","0","0","0","0","0","0","0","0","0","0"
"AWS - Glacier","cmay22lb03","Linux File System","DefaultInstanceName","GCOM defaultBackupSet","GCOM_DB_CARTOLA","STP_GCOM_FS_DB","2.AWS","0","0","0","0","0","0","0","0","0","0","0"
"DCCM - OnPremisses","cmay22lb03","Linux File System","DefaultInstanceName","GCOM defaultBackupSet","GCOM_DB_CARTOLA","STP_GCOM_FS_DB","1.newPool","0","0","0","0","0","0","0","0","0","0","0"
"AWS - Glacier","cmay22lb03","Linux File System","DefaultInstanceName","GCOM defaultBackupSet","GCOM_DB_CASSANDRA","STP_GCOM_FS_DB","2.AWS","0","0","0","0","0","0","0","0","0","0","0"
"AWS - Glacier","cmay22lb03","Linux File System","DefaultInstanceName","GCOM defaultBackupSet","GCOM_DB_DEV","STP_GCOM_FS_DB","2.AWS","0","0","0","0","0","0","0","0","0","0","0"
"DCCM - OnPremisses","cmay22lb03","Linux File System","DefaultInstanceName","GCOM defaultBackupSet","GCOM_DB_VIRTUOSO","STP_GCOM_FS_DB","1.newPool","0","0","0","0","0","0","0","0","0","0","0"
"AWS - Glacier","cmay22lb03","Linux File System","DefaultInstanceName","GCOM defaultBackupSet","GCOM_FS_MONITORACOES","STP_GCOM_FS_FILE","4.AWS_OLD","0","0","0","0","0","0","0","0","0","0","0"
"AWS - Glacier","cmay22lb03","Linux File System","DefaultInstanceName","GCOM defaultBackupSet","GCOM_FS_WWS","STP_GCOM_FS_FILE","4.AWS_OLD","0","0","0","0","0","0","0","0","0","0","0"
"AWS - Glacier","cmay22lb03","Linux File System","DefaultInstanceName","GCOM defaultBackupSet","GCOM_FS_SSVM","STP_GCOM_FS_FILE","4.AWS_OLD","0","0","0","0","0","0","0","0","0","0","0"
"AWS - Glacier","cmay22lb03","Linux File System","DefaultInstanceName","GCOM defaultBackupSet","GCOM_FS_VIDEOS_LISTA","STP_GCOM_FS_MEDIA","2.AWS","0","0","0","0","0","0","0","0","0","0","0"
"AWS - Glacier","cmay22lb03","Linux File System","DefaultInstanceName","GCOM defaultBackupSet","GCOM_FS_JENKINS","STP_GCOM_FS_FILE","4.AWS_OLD","0","0","0","0","0","0","0","0","0","0","0"
"AWS - Glacier","cmay22lb03","Linux File System","DefaultInstanceName","GCOM defaultBackupSet","GCOM_FS_BILLING","STP_GCOM_FS_FILE","4.AWS_OLD","0","0","0","0","0","0","0","0","0","0","0"
"AWS - Glacier","cmay22lb03","Linux File System","DefaultInstanceName","GCOM defaultBackupSet","GCOM_FS_GIT","STP_GCOM_FS_FILE","4.AWS_OLD","0","0","0","0","0","0","0","0","0","0","0"
"AWS - Glacier","cmay22lb03","Linux File System","DefaultInstanceName","GCOM ARCHIVE","teste GRAYLOG","STP_GCOM_FS_LOG","2.AWS","0","0","0","0","0","0","0","0","0","0","0"
"AWS - Glacier","cmay22lb03","Linux File System","DefaultInstanceName","GCOM ARCHIVE","GCOM_LOGS_LOGSUNIX","STP_GCOM_FS_LOG_RETENÇÃO_1ANO","2.AWS","0","0","0","0","0","0","0","0","0","0","0"
"AWS - Glacier","cmay22lb03","Linux File System","DefaultInstanceName","GCOM ARCHIVE","GCOM_LOGS_LOGSUNIX","STP_GCOM_FS_LOG","2.AWS","0","0","0","0","0","0","0","0","0","0","0"
"AWS - Glacier","cmay22lb03","Linux File System","DefaultInstanceName","GCOM ARCHIVE","bkp_archive_controle_2","STP_GCOM_FS_LOG","2.AWS","0","0","0","0","0","0","0","0","0","0","0"
"AWS - Glacier","cmay22lb03","Linux File System","DefaultInstanceName","GCOM ARCHIVE","bkp_archive_controle_3","STP_GCOM_FS_LOG","2.AWS","0","0","0","0","0","0","0","0","0","0","0"
"AWS - Glacier","cmay22lb03","Linux File System","DefaultInstanceName","GCOM ARCHIVE","GCOM_LOGS_IIS","STP_GCOM_FS_LOG_RETENÇÃO_1ANO","2.AWS","0","0","0","0","0","0","0","0","0","0","0"
"AWS - Glacier","cmay22lb03","Linux File System","DefaultInstanceName","GCOM ARCHIVE","GCOM_LOGS_IIS","STP_GCOM_FS_LOG","2.AWS","0","0","0","0","0","0","0","0","0","0","0"
"AWS - Glacier","cmay22lb03","Linux File System","DefaultInstanceName","GCOM defaultBackupSet","GCOM_FS_FOREMAN","STP_GCOM_FS_FILE","4.AWS_OLD","0","0","0","0","0","0","0","0","0","0","0"
"AWS - Glacier","cmay22lb21","Linux File System","DefaultInstanceName","GCOM defaultBackupSet","GCOM_DB_CARTOLA - Até 13-09-2020","STP_GCOM_FS_DB_02","2.AWS","0","0","0","0","0","0","0","0","0","0","0"
"AWS - Glacier","cmay22lb21","Linux File System","DefaultInstanceName","GCOM defaultBackupSet","GCOM_DB_DEV - Até 21-06-2020","STP_GCOM_FS_DB_02","2.AWS","0","0","0","0","0","0","0","0","0","0","0"
"AWS - Glacier","cmay22lb21","Linux File System","DefaultInstanceName","GCOM defaultBackupSet","GCOM_DB_MONGO","STP_GCOM_FS_DB_02","2.AWS","0","0","0","0","0","0","0","0","0","0","0"
"AWS - Glacier","cmay22lb21","Linux File System","DefaultInstanceName","GCOM defaultBackupSet","GCOM_DB_ORACLE_01","STP_GCOM_FS_DB_02","2.AWS","0","0","0","0","0","0","0","0","0","0","0"
"AWS - Glacier","cmay22lb21","Linux File System","DefaultInstanceName","GCOM defaultBackupSet","GCOM_DB_ZABBIX - Até 13-09-2020","STP_GCOM_FS_DB_02","2.AWS","0","0","0","0","0","0","0","0","0","0","0"
"AWS - Glacier","cmay22lb21","Linux File System","DefaultInstanceName","GCOM defaultBackupSet","GCOM_DB_MYSQL_02 - Até 15-09-2020","STP_GCOM_FS_DB_02","2.AWS","0","0","0","0","0","0","0","0","0","0","0"
"AWS - Glacier","cmay22lb21","Linux File System","DefaultInstanceName","GCOM defaultBackupSet","GCOM_DB_POSTGRE - Até 14-09-2020","STP_GCOM_FS_DB_02","2.AWS","0","0","0","0","0","0","0","0","0","0","0"
"AWS - Glacier","cmay22lb21","Linux File System","DefaultInstanceName","GCOM defaultBackupSet","GCOM_DB_QA - Até 21-06-2020","STP_GCOM_FS_DB_02","2.AWS","0","0","0","0","0","0","0","0","0","0","0"
"AWS - Glacier","cmay22lb21","Linux File System","DefaultInstanceName","GCOM defaultBackupSet","GCOM_DB_REDIS - Até 14-09-2020","STP_GCOM_FS_DB_02","2.AWS","0","0","0","0","0","0","0","0","0","0","0"
"AWS - Glacier","cmay22lb21","Linux File System","DefaultInstanceName","GCOM defaultBackupSet","HDS_AGENT","STP_GCOM_FS_FILE","4.AWS_OLD","0","0","0","0","0","0","0","0","0","0","0"
"DCCM - OnPremisses","cmay22lb21","Linux File System","DefaultInstanceName","GCOM defaultBackupSet","HDS_AGENT","STP_GCOM_FS_FILE","1.Primary_NEW","0.029","0.029","0","0","0.413","0.413","0.413","0.413","0.114","7.871","8.726"
"AWS - Glacier","cmay22lb21","Linux File System","DefaultInstanceName","GCOM defaultBackupSet","HDS_AGENT","STP_GCOM_FS_FILE","2.AWS_NEW","0","0","0","0","0","0","0","0","0","0","0"
"DCCM - OnPremisses","cmay22lb23","Linux File System","DefaultInstanceName","GCOM defaultBackupSet","Baremetal","STP_GCOM_FS_FILE","1.Primary_NEW","0.017","0.017","0","0","0","0","0","0","0","0","0.017"
"AWS - Glacier","cmay22lb23","Linux File System","DefaultInstanceName","GCOM defaultBackupSet","Baremetal","STP_GCOM_FS_FILE","2.AWS_NEW","0","0","0","0","0","0","0","0","0","0","0"
"AWS - Glacier","cmay22lb23","Linux File System","DefaultInstanceName","GCOM ARCHIVE","GCOM_LOGS_GRAYLOG_03","STP_GCOM_FS_LOG_RETENÇÃO_1ANO","2.AWS","0","0","0","0","0","0","0","0","0","0","0"
"DCCM - OnPremisses","cmay22lb23","Linux File System","DefaultInstanceName","GCOM ARCHIVE","GCOM_LOGS_FLASHVIDEO","STP_GCOM_FS_LOG_RETENÇÃO_1ANO","1.Primary","0","0","294.124","294.124","0","0","0","0","0","0","294.124"
"AWS - Glacier","cmay22lb23","Linux File System","DefaultInstanceName","GCOM ARCHIVE","GCOM_LOGS_FLASHVIDEO","STP_GCOM_FS_LOG_RETENÇÃO_1ANO","2.AWS","0","0","0","0","0","0","0","0","0","0","0"
"DCCM - OnPremisses","cmay22lb23","Linux File System","DefaultInstanceName","GCOM ARCHIVE","GCOM_LOGS_FLASHVIDEO","#STP_DATACENTER_LOG_01","1.Primary","0","0","0","0","0","0","0","0","0","0","0"
"AWS - Glacier","cmay22lb23","Linux File System","DefaultInstanceName","GCOM ARCHIVE","GCOM_LOGS_FLASHVIDEO","#STP_DATACENTER_LOG_01","2.AWS","0","0","0","0","0","0","0","0","0","0","0"
"AWS - Glacier","cmay22lb23","Linux File System","DefaultInstanceName","GCOM ARCHIVE","GCOM_LOGS_FLASHVIDEO","_STP_DATACENTER_CLOUD_VAULT","Primary","0","0","0","0","0","0","0","0","0","0","0"
"AWS - Glacier","cmay22lb23","Linux File System","DefaultInstanceName","GCOM ARCHIVE","GCOM_LOGS_HLS","STP_GCOM_FS_LOG_RETENÇÃO_1ANO","2.AWS","0","0","0","0","0","0","0","0","0","0","0"
"AWS - Glacier","cmay22lb23","Linux File System","DefaultInstanceName","GCOM ARCHIVE","GCOM_LOGS_HLS","#STP_DATACENTER_LOG_01","2.AWS","0","0","0","0","0","0","0","0","0","0","0"
"AWS - Glacier","cmay22lb23","Linux File System","DefaultInstanceName","GCOM ARCHIVE","GCOM_LOGS_HLS","_STP_DATACENTER_CLOUD_VAULT","Primary","0","0","189.304","189.304","0","0","0","0","0","0","189.304"
"AWS - Glacier","cmay22lb23","Linux File System","DefaultInstanceName","GCOM ARCHIVE","GCOM_LOGS_LOGSUNIX - ate - 18-04-2020","STP_GCOM_FS_LOG_RETENÇÃO_1ANO","2.AWS","0","0","0","0","0","0","0","0","0","0","0"
"AWS - Glacier","cmay22lb23","Linux File System","DefaultInstanceName","GCOM ARCHIVE","GCOM_LOGS_GRAYLOG_02","STP_GCOM_FS_LOG_RETENÇÃO_1ANO","2.AWS","0","0","0","0","0","0","0","0","0","0","0"
"AWS - Glacier","cmay22lb23","Linux File System","DefaultInstanceName","ONDEMAND FAAS_01","ONDEMAND FAAS_01","STP_GCOM_FS_DB_02","2.AWS","0","0","0","0","0","0","0","0","0","0","0"
"DCCM - OnPremisses","cmay22lb23","Linux File System","DefaultInstanceName","ONDEMAND FAAS_01","ONDEMAND FAAS_01","#STP_DATACENTER_DB_01","1.Primary","0","0","0","0","19.508","19.508","19.508","19.508","13.402","925.931","964.947"
"AWS - Glacier","cmay22lb23","Linux File System","DefaultInstanceName","ONDEMAND FAAS_01","ONDEMAND FAAS_01","#STP_DATACENTER_DB_01","2.AWS","0","0","0","0","0","0","1.28","1.28","0.493","158.696","159.976"
"DCCM - OnPremisses","cmay22lb23","Linux File System","DefaultInstanceName","ONDEMAND FAAS_01","ONDEMAND FAAS_01","#STP_DATACENTER_DB_02","1.Primary","0","0","0","0","12.413","12.413","12.413","12.413","3.426","236.724","261.55"
"AWS - Glacier","cmay22lb23","Linux File System","DefaultInstanceName","ONDEMAND FAAS_01","ONDEMAND FAAS_01","#STP_DATACENTER_DB_02","2.AWS","0","0","0","0","0","0","1.215","1.215","0.465","149.728","150.943"
"AWS - Glacier","cmay22lb23","Linux File System","DefaultInstanceName","ONDEMAND FAAS_01","ONDEMAND FAAS_01","_STP_DATACENTER_CLOUD_VAULT","Primary","0","0","0","0","0","0","0","0","0","0","0"
"AWS - Glacier","cmay22lb23","Linux File System","DefaultInstanceName","ONDEMAND FAAS_01","ONDEMAND FAAS_01","#STP_DATACENTER_DB_02","3.AWS ONDEMAND","0","0","0","0","0","0","1.215","1.215","0.94","302.995","304.21"
"AWS - Glacier","cmay22lb23","Linux File System","DefaultInstanceName","ONDEMAND FAAS_04","ONDEMAND FAAS_04","STP_GCOM_FS_DB_02","2.AWS","0","0","0","0","0","0","0","0","0","0","0"
"DCCM - OnPremisses","cmay22lb23","Linux File System","DefaultInstanceName","ONDEMAND FAAS_04","ONDEMAND FAAS_04","#STP_DATACENTER_DB_01","1.Primary","0","0","0","0","16.171","16.171","16.171","16.171","11.109","767.543","799.885"
"AWS - Glacier","cmay22lb23","Linux File System","DefaultInstanceName","ONDEMAND FAAS_04","ONDEMAND FAAS_04","#STP_DATACENTER_DB_01","2.AWS","0","0","0","0","0","0","0.676","0.676","0.289","93.187","93.863"
"DCCM - OnPremisses","cmay22lb23","Linux File System","DefaultInstanceName","ONDEMAND FAAS_04","ONDEMAND FAAS_04","#STP_DATACENTER_DB_02","1.Primary","0","0","0","0","7.5","7.5","7.5","7.5","2.07","143.034","158.034"
"AWS - Glacier","cmay22lb23","Linux File System","DefaultInstanceName","ONDEMAND FAAS_04","ONDEMAND FAAS_04","#STP_DATACENTER_DB_02","2.AWS","0","0","0","0","0","0","0.732","0.732","0.299","96.303","97.035"
"AWS - Glacier","cmay22lb23","Linux File System","DefaultInstanceName","ONDEMAND FAAS_04","ONDEMAND FAAS_04","_STP_DATACENTER_CLOUD_VAULT","Primary","0","0","0","0","0","0","0","0","0","0","0"
"AWS - Glacier","cmay22lb23","Linux File System","DefaultInstanceName","ONDEMAND FAAS_04","ONDEMAND FAAS_04","#STP_DATACENTER_DB_02","3.AWS ONDEMAND","0","0","0","0","0","0","0.732","0.732","0.567","182.584","183.316"
"DCCM - OnPremisses","cmay22lb23","Linux File System","DefaultInstanceName","ONDEMAND MONGO","ONDEMAND MONGO","#STP_DATACENTER_DB_01","1.Primary","0","0","0","0","78.473","78.473","78.473","78.473","53.909","3,724.582","3,881.528"
"AWS - Glacier","cmay22lb23","Linux File System","DefaultInstanceName","ONDEMAND MONGO","ONDEMAND MONGO","#STP_DATACENTER_DB_01","2.AWS","0","0","0","0","0","0","0","0","0","0","0"
"DCCM - OnPremisses","cmay22lb23","Linux File System","DefaultInstanceName","ONDEMAND MONGO","ONDEMAND MONGO","#STP_DATACENTER_DB_02","1.Primary","0","0","0","0","63.347","63.347","63.347","63.347","17.485","1,208.062","1,334.756"
"AWS - Glacier","cmay22lb23","Linux File System","DefaultInstanceName","ONDEMAND MONGO","ONDEMAND MONGO","#STP_DATACENTER_DB_02","2.AWS","0","0","0","0","0","0","0","0","0","0","0"
"AWS - Glacier","cmay22lb23","Linux File System","DefaultInstanceName","ONDEMAND MONGO","ONDEMAND MONGO","_STP_DATACENTER_CLOUD_VAULT","Primary","0","0","0","0","0","0","0","0","0","0","0"
"AWS - Glacier","cmay22lb23","Linux File System","DefaultInstanceName","ONDEMAND MONGO","ONDEMAND MONGO","#STP_DATACENTER_DB_02","3.AWS ONDEMAND","0","0","0","0","0","0","0","0","0","0.001","0.001"
"DCCM - OnPremisses","cmay22lb23","Linux File System","DefaultInstanceName","ONDEMAND MYSQL","ONDEMAND MYSQL","#STP_DATACENTER_DB_01","1.Primary","0","0","0","0","36.565","36.565","36.565","36.565","25.12","1,735.519","1,808.649"
"AWS - Glacier","cmay22lb23","Linux File System","DefaultInstanceName","ONDEMAND MYSQL","ONDEMAND MYSQL","#STP_DATACENTER_DB_01","2.AWS","0","0","0","0","0","0","0","0","0","0","0"
"DCCM - OnPremisses","cmay22lb23","Linux File System","DefaultInstanceName","ONDEMAND MYSQL","ONDEMAND MYSQL","#STP_DATACENTER_DB_02","1.Primary","0","0","0","0","30.142","30.142","30.142","30.142","8.32","574.825","635.109"
"AWS - Glacier","cmay22lb23","Linux File System","DefaultInstanceName","ONDEMAND MYSQL","ONDEMAND MYSQL","#STP_DATACENTER_DB_02","2.AWS","0","0","0","0","0","0","0","0","0","0","0"
"AWS - Glacier","cmay22lb23","Linux File System","DefaultInstanceName","ONDEMAND MYSQL","ONDEMAND MYSQL","_STP_DATACENTER_CLOUD_VAULT","Primary","0","0","0","0","0","0","0","0","0","0","0"
"AWS - Glacier","cmay22lb23","Linux File System","DefaultInstanceName","ONDEMAND MYSQL","ONDEMAND MYSQL","#STP_DATACENTER_DB_03","1-Primary","0","0","0","0","0","0","0","0","0","0","0"
"AWS - Glacier","cmay22lb23","Linux File System","DefaultInstanceName","GCOM defaultBackupSet","GCOM_DB_QA","#STP_DATACENTER_DB_01","2.AWS","0","0","0","0","0","0","0","0","0","0","0"
"DCCM - OnPremisses","cmay22lb23","Linux File System","DefaultInstanceName","GCOM defaultBackupSet","GCOM_DB_QA","#STP_DATACENTER_DB_02","1.Primary","0.259","0.259","0","0","0.002","0.002","0.002","0.002","0.001","0.043","0.306"
"AWS - Glacier","cmay22lb23","Linux File System","DefaultInstanceName","GCOM defaultBackupSet","GCOM_DB_QA","#STP_DATACENTER_DB_02","2.AWS","0","0","0","0","0","0","0.258","0.258","0.23","74.222","74.48"
"AWS - Glacier","cmay22lb23","Linux File System","DefaultInstanceName","GCOM defaultBackupSet","GCOM_DB_QA","#STP_DATACENTER_LOG_01","2.AWS","0","0","0","0","0","0","0","0","0","0","0"
"AWS - Glacier","cmay22lb23","Linux File System","DefaultInstanceName","GCOM defaultBackupSet","GCOM_DB_QA","_STP_DATACENTER_CLOUD_VAULT","Primary","0","0","0","0","0","0","0","0","0","0","0"
"AWS - Glacier","cmay22lb23","Linux File System","DefaultInstanceName","GCOM defaultBackupSet","GCOM_DB_QA","#STP_DATACENTER_DB_03","1-Primary","0","0","0","0","0","0","0","0","0","0","0"
"DCCM - OnPremisses","cmay22lb23","Linux File System","DefaultInstanceName","GCOM defaultBackupSet","GCOM_DB_ORACLE_01","#STP_DATACENTER_DB_01","1.Primary","0.201","0.201","0","0","0","0","0","0","0","0","0.201"
"AWS - Glacier","cmay22lb23","Linux File System","DefaultInstanceName","GCOM defaultBackupSet","GCOM_DB_ORACLE_01","#STP_DATACENTER_DB_01","2.AWS","0","0","0","0","0","0","0.192","0.192","0.07","22.677","22.869"
"DCCM - OnPremisses","cmay22lb23","Linux File System","DefaultInstanceName","GCOM defaultBackupSet","GCOM_DB_ORACLE_01","#STP_DATACENTER_DB_02","1.Primary","0","0","0","0","0","0","0","0","0","0","0"
"AWS - Glacier","cmay22lb23","Linux File System","DefaultInstanceName","GCOM defaultBackupSet","GCOM_DB_ORACLE_01","#STP_DATACENTER_DB_02","2.AWS","0","0","0","0","0","0","0.201","0.201","0.074","23.734","23.935"
"AWS - Glacier","cmay22lb23","Linux File System","DefaultInstanceName","GCOM defaultBackupSet","GCOM_DB_ORACLE_01","_STP_DATACENTER_CLOUD_VAULT","Primary","0","0","0","0","0","0","0","0","0","0","0"
"DCCM - OnPremisses","cmay22lb23","Linux File System","DefaultInstanceName","GCOM defaultBackupSet","GCOM_DB_ORACLE_02","#STP_DATACENTER_DB_01","1.Primary","0","0","0","0","0","0","0","0","0","0","0"
"AWS - Glacier","cmay22lb23","Linux File System","DefaultInstanceName","GCOM defaultBackupSet","GCOM_DB_ORACLE_02","#STP_DATACENTER_DB_01","2.AWS","0","0","0","0","0","0","1.053","1.053","0.847","272.963","274.016"
"DCCM - OnPremisses","cmay22lb23","Linux File System","DefaultInstanceName","GCOM defaultBackupSet","GCOM_DB_ORACLE_02","#STP_DATACENTER_DB_02","1.Primary","0","0","0","0","0","0","0","0","0","0","0"
"AWS - Glacier","cmay22lb23","Linux File System","DefaultInstanceName","GCOM defaultBackupSet","GCOM_DB_ORACLE_02","#STP_DATACENTER_DB_02","2.AWS","0","0","0","0","0","0","1.039","1.039","0.84","270.643","271.682"
"AWS - Glacier","cmay22lb23","Linux File System","DefaultInstanceName","GCOM defaultBackupSet","GCOM_DB_ORACLE_02","#STP_DATACENTER_LOG_01","2.AWS","0","0","0","0","0","0","0","0","0","0","0"
"AWS - Glacier","cmay22lb23","Linux File System","DefaultInstanceName","GCOM defaultBackupSet","GCOM_DB_ORACLE_02","_STP_DATACENTER_CLOUD_VAULT","Primary","1.079","1.079","0","0","0","0","0","0","0","0","1.079"
"AWS - Glacier","cmay22lb23","Linux File System","DefaultInstanceName","GCOM defaultBackupSet","GCOM_DB_ORACLE_02","#STP_DATACENTER_DB_03","1-Primary","0","0","0","0","0","0","0","0","0","0","0"
"AWS - Glacier","cmay22lb23","Linux File System","DefaultInstanceName","GCOM ARCHIVE","GCOM_LOGS_FLASHVIDEO_02","#STP_DATACENTER_LOG_01","2.AWS","0","0","0","0","0","0","0","0","0","0","0"
"AWS - Glacier","cmay22lb23","Linux File System","DefaultInstanceName","GCOM ARCHIVE","GCOM_LOGS_FLASHVIDEO_03","#STP_DATACENTER_LOG_01","2.AWS","0","0","0","0","0","0","0","0","0","0","0"
"AWS - Glacier","cmay22lb23","Linux File System","DefaultInstanceName","GCOM ARCHIVE","GCOM_LOGS_HLS_02","STP_GCOM_FS_LOG_RETENÇÃO_1ANO","2.AWS","0","0","0.334","0.334","0","0","0","0","0","0","0.334"
"AWS - Glacier","cmay22lb23","Linux File System","DefaultInstanceName","GCOM ARCHIVE","GCOM_LOGS_HLS_02","#STP_DATACENTER_LOG_01","2.AWS","0","0","0","0","0","0","0","0","0","0","0"
"DCCM - OnPremisses","cmay22lb23","Linux File System","DefaultInstanceName","GCOM defaultBackupSet","TESTE_LOGS_VIDEO","#STP_DATACENTER_LOG_01","1.Primary","0.021","0.021","0","0","0","0","0","0","0","0","0.021"
"AWS - Glacier","cmay22lb23","Linux File System","DefaultInstanceName","GCOM defaultBackupSet","TESTE_LOGS_VIDEO","#STP_DATACENTER_LOG_01","2.AWS","0","0","0","0","0","0","0","0","0","0","0"
"AWS - Glacier","cmay22lb23","Linux File System","DefaultInstanceName","GCOM ARCHIVE","GCOM_LOGS_HLS_03","#STP_DATACENTER_LOG_01","2.AWS","0","0","0.053","0.053","0","0","0","0","0","0","0.053"
"DCCM - OnPremisses","cmay22lb23","Linux File System","DefaultInstanceName","GCOM defaultBackupSet","GCOM_LOGS_LOGSUNIX_EX","#STP_DATACENTER_FS_01","1.Primary","0.615","0.615","0","0","0","0","0","0","0","0","0.615"
"AWS - Glacier","cmay22lb23","Linux File System","DefaultInstanceName","GCOM defaultBackupSet","GCOM_LOGS_LOGSUNIX_EX","#STP_DATACENTER_FS_01","2.AWS","0","0","0","0","0","0","0","0","0","0","0"
"DCCM - OnPremisses","cmay22lb23","Linux File System","DefaultInstanceName","GCOM defaultBackupSet","GCOM_LOGS_LOGSUNIX_EX","#STP_DATACENTER_LOG_01","1.Primary","0","0","0","0","0","0","0","0","0","0","0"
"AWS - Glacier","cmay22lb23","Linux File System","DefaultInstanceName","GCOM defaultBackupSet","GCOM_LOGS_LOGSUNIX_EX","#STP_DATACENTER_LOG_01","2.AWS","0","0","0","0","0","0","0","0","0","0","0"
"DCCM - OnPremisses","cmay22lb23","Linux File System","DefaultInstanceName","GCOM defaultBackupSet","GCOM_LOGS_CACHOS_EX","#STP_DATACENTER_FS_02","1.Primary","1.41","1.41","0","0","0","0","0","0","0","0","1.41"
"AWS - Glacier","cmay22lb23","Linux File System","DefaultInstanceName","GCOM defaultBackupSet","GCOM_LOGS_CACHOS_EX","#STP_DATACENTER_FS_02","2.AWS","0","0","0","0","0","0","0","0","0","0","0"
"AWS - Glacier","cmay22lb23","Linux File System","DefaultInstanceName","GCOM ARCHIVE","GCOM_LOGS_GRAYLOG_01","STP_GCOM_FS_LOG_RETENÇÃO_1ANO","2.AWS","0","0","0","0","0","0","0","0","0","0","0"
"AWS - Glacier","cmay22lb23","Linux File System","DefaultInstanceName","GCOM ARCHIVE","GCOM_LOGS_CACHOS - ate - 18-04-2020","STP_GCOM_FS_LOG_RETENÇÃO_1ANO","2.AWS","0","0","0","0","0","0","0","0","0","0","0"
"AWS - Glacier","cmay22lb23","Linux File System","DefaultInstanceName","GCOM ARCHIVE","GCOM_LOGS_IIS","STP_GCOM_FS_LOG_RETENÇÃO_1ANO","2.AWS","0","0","0","0","0","0","0","0","0","0","0"
"AWS - Glacier","cmay22lb23","Linux File System","DefaultInstanceName","GCOM ARCHIVE","GCOM_LOGS_IIS","#STP_DATACENTER_LOG_01","2.AWS","0","0","0","0","0","0","0","0","0","0","0"
"AWS - Glacier","cmay22lb23","Linux File System","DefaultInstanceName","GCOM ARCHIVE","GCOM_LOGS_IIS","_STP_DATACENTER_CLOUD_VAULT","Primary","0","0","27.757","27.757","0","0","0","0","0","0","27.757"
"AWS - Glacier","cmay22lb23","Linux File System","DefaultInstanceName","GCOM ARCHIVE","TESTE_ARCHIVE","STP_GCOM_FS_LOG_RETENÇÃO_1ANO","2.AWS","0","0","0","0","0","0","0","0","0","0","0"
"AWS - Glacier","cmay22lb23","Linux File System","DefaultInstanceName","GCOM ARCHIVE","GCOM_LOGS_CACHOS - ate - 25-05-2020","STP_GCOM_FS_LOG_RETENÇÃO_1ANO","2.AWS","0","0","0","0","0","0","0","0","0","0","0"
"AWS - Glacier","cmay22lb23","Linux File System","DefaultInstanceName","GCOM ARCHIVE","GCOM_LOGS_LOGSUNIX","STP_GCOM_FS_LOG_RETENÇÃO_1ANO","2.AWS","0","0","0","0","0","0","0","0","0","0","0"
"AWS - Glacier","cmay22lb23","Linux File System","DefaultInstanceName","GCOM ARCHIVE","GCOM_LOGS_LOGSUNIX","#STP_DATACENTER_LOG_01","2.AWS","0","0","0","0","0","0","0","0","0","0","0"
"AWS - Glacier","cmay22lb23","Linux File System","DefaultInstanceName","GCOM ARCHIVE","GCOM_LOGS_LOGSUNIX","_STP_DATACENTER_CLOUD_VAULT","Primary","0","0","74.205","74.205","0","0","0","0","0","0","74.205"
"AWS - Glacier","cmay22lb23","Linux File System","DefaultInstanceName","GCOM ARCHIVE","GCOM_LOGS_CACHOS_Teste","STP_GCOM_FS_LOG_RETENÇÃO_1ANO","2.AWS","0","0","0","0","0","0","0","0","0","0","0"
"AWS - Glacier","cmay22lb23","Linux File System","DefaultInstanceName","GCOM defaultBackupSet","BACKUP_FS_TEST_02","STP_GCOM_FS_FILE","4.AWS_OLD","0.731","0.731","0","0","0","0","0","0","0","0","0.731"
"AWS - Glacier","cmay22lb23","Linux File System","DefaultInstanceName","GCOM ARCHIVE","GCOM_LOGS_LOGSUNIX_NEW","STP_GCOM_FS_LOG_RETENÇÃO_1ANO","2.AWS","0","0","0","0","0","0","0","0","0","0","0"
"AWS - Glacier","cmay22lb23","Linux File System","DefaultInstanceName","GCOM ARCHIVE","GCOM_LOGS_LOGSUNIX_NEW","#STP_DATACENTER_LOG_01","2.AWS","0","0","0","0","0","0","0","0","0","0","0"
"AWS - Glacier","cmay22lb23","Linux File System","DefaultInstanceName","GCOM defaultBackupSet","GCOM_DB_CARTOLA","STP_GCOM_FS_DB_02","2.AWS","0","0","0","0","0","0","0","0","0","0","0"
"AWS - Glacier","cmay22lb23","Linux File System","DefaultInstanceName","GCOM defaultBackupSet","GCOM_DB_CARTOLA","#STP_DATACENTER_DB_01","2.AWS","0","0","0","0","0","0","0","0","0","0","0"
"DCCM - OnPremisses","cmay22lb23","Linux File System","DefaultInstanceName","GCOM defaultBackupSet","GCOM_DB_CARTOLA","#STP_DATACENTER_DB_02","1.Primary","1.697","1.697","0","0","0.554","0.554","0.554","0.554","0.153","10.57","13.375"
"AWS - Glacier","cmay22lb23","Linux File System","DefaultInstanceName","GCOM defaultBackupSet","GCOM_DB_CARTOLA","#STP_DATACENTER_DB_02","2.AWS","0","0","0","0","0","0","1.612","1.612","0.635","204.459","206.071"
"AWS - Glacier","cmay22lb23","Linux File System","DefaultInstanceName","GCOM defaultBackupSet","GCOM_DB_CARTOLA","_STP_DATACENTER_CLOUD_VAULT","Primary","0","0","0","0","0","0","0","0","0","0","0"
"AWS - Glacier","cmay22lb23","Linux File System","DefaultInstanceName","GCOM defaultBackupSet","GCOM_DB_ZABBIX","STP_GCOM_FS_DB_02","2.AWS","0","0","0","0","0","0","0","0","0","0","0"
"DCCM - OnPremisses","cmay22lb23","Linux File System","DefaultInstanceName","GCOM defaultBackupSet","GCOM_DB_ZABBIX","#STP_DATACENTER_DB_01","1.Primary","7.868","7.868","0","0","0","0","0","0","0","0.001","7.869"
"AWS - Glacier","cmay22lb23","Linux File System","DefaultInstanceName","GCOM defaultBackupSet","GCOM_DB_ZABBIX","#STP_DATACENTER_DB_01","2.AWS","0","0","0","0","0","0","7.868","7.868","2.185","704.048","711.916"
"DCCM - OnPremisses","cmay22lb23","Linux File System","DefaultInstanceName","GCOM defaultBackupSet","GCOM_DB_ZABBIX","#STP_DATACENTER_DB_02","1.Primary","0","0","0","0","0","0","0","0","0","0","0"
"AWS - Glacier","cmay22lb23","Linux File System","DefaultInstanceName","GCOM defaultBackupSet","GCOM_DB_ZABBIX","#STP_DATACENTER_DB_02","2.AWS","0","0","0","0","0","0","0","0","0","0","0"
"AWS - Glacier","cmay22lb23","Linux File System","DefaultInstanceName","GCOM defaultBackupSet","GCOM_DB_ZABBIX","_STP_DATACENTER_CLOUD_VAULT","Primary","0","0","0","0","0","0","0","0","0","0","0"
"AWS - Glacier","cmay22lb23","Linux File System","DefaultInstanceName","GCOM defaultBackupSet","GCOM_DB_REDIS","STP_GCOM_FS_DB_02","2.AWS","0","0","0","0","0","0","0","0","0","0","0"
"AWS - Glacier","cmay22lb23","Linux File System","DefaultInstanceName","GCOM defaultBackupSet","GCOM_DB_REDIS","#STP_DATACENTER_DB_01","2.AWS","0","0","0","0","0","0","0","0","0","0","0"
"DCCM - OnPremisses","cmay22lb23","Linux File System","DefaultInstanceName","GCOM defaultBackupSet","GCOM_DB_REDIS","#STP_DATACENTER_DB_02","1.Primary","0.171","0.171","0","0","0","0","0","0","0","0","0.171"
"AWS - Glacier","cmay22lb23","Linux File System","DefaultInstanceName","GCOM defaultBackupSet","GCOM_DB_REDIS","#STP_DATACENTER_DB_02","2.AWS","0","0","0","0","0","0","0.171","0.171","0.071","22.837","23.008"
"AWS - Glacier","cmay22lb23","Linux File System","DefaultInstanceName","GCOM defaultBackupSet","GCOM_DB_REDIS","_STP_DATACENTER_CLOUD_VAULT","Primary","0","0","0","0","0","0","0","0","0","0","0"
"AWS - Glacier","cmay22lb23","Linux File System","DefaultInstanceName","GCOM defaultBackupSet","GCOM_DB_POSTGRE","STP_GCOM_FS_DB_02","2.AWS","0","0","0","0","0","0","0","0","0","0","0"
"AWS - Glacier","cmay22lb23","Linux File System","DefaultInstanceName","GCOM defaultBackupSet","GCOM_DB_POSTGRE","#STP_DATACENTER_DB_01","2.AWS","0","0","0","0","0","0","0","0","0","0","0"
"DCCM - OnPremisses","cmay22lb23","Linux File System","DefaultInstanceName","GCOM defaultBackupSet","GCOM_DB_POSTGRE","#STP_DATACENTER_DB_02","1.Primary","2.821","2.821","0","0","0.001","0.001","0.001","0.001","0","0.021","2.844"
"AWS - Glacier","cmay22lb23","Linux File System","DefaultInstanceName","GCOM defaultBackupSet","GCOM_DB_POSTGRE","#STP_DATACENTER_DB_02","2.AWS","0","0","0","0","0","0","1.967","1.967","0.629","202.65","204.617"
"AWS - Glacier","cmay22lb23","Linux File System","DefaultInstanceName","GCOM defaultBackupSet","GCOM_DB_POSTGRE","_STP_DATACENTER_CLOUD_VAULT","Primary","0","0","0","0","0","0","0","0","0","0","0"
"AWS - Glacier","cmay22lb23","Linux File System","DefaultInstanceName","GCOM defaultBackupSet","GCOM_DB_DEV","STP_GCOM_FS_DB_02","2.AWS","0","0","0","0","0","0","0","0","0","0","0"
"AWS - Glacier","cmay22lb23","Linux File System","DefaultInstanceName","GCOM defaultBackupSet","GCOM_DB_DEV","#STP_DATACENTER_DB_01","2.AWS","0","0","0","0","0","0","0","0","0","0","0"
"DCCM - OnPremisses","cmay22lb23","Linux File System","DefaultInstanceName","GCOM defaultBackupSet","GCOM_DB_DEV","#STP_DATACENTER_DB_02","1.Primary","0.422","0.422","0","0","0.008","0.008","0.008","0.008","0.002","0.147","0.585"
"AWS - Glacier","cmay22lb23","Linux File System","DefaultInstanceName","GCOM defaultBackupSet","GCOM_DB_DEV","#STP_DATACENTER_DB_02","2.AWS","0","0","0","0","0","0","0.422","0.422","0.322","103.774","104.196"
"AWS - Glacier","cmay22lb23","Linux File System","DefaultInstanceName","GCOM defaultBackupSet","GCOM_DB_DEV","#STP_DATACENTER_LOG_01","2.AWS","0","0","0","0","0","0","0","0","0","0","0"
"AWS - Glacier","cmay22lb23","Linux File System","DefaultInstanceName","GCOM defaultBackupSet","GCOM_DB_DEV","_STP_DATACENTER_CLOUD_VAULT","Primary","0","0","0","0","0","0","0","0","0","0","0"
"AWS - Glacier","cmay22lb23","Linux File System","DefaultInstanceName","GCOM defaultBackupSet","GCOM_DB_DEV","#STP_DATACENTER_DB_03","1-Primary","0","0","0","0","0","0","0","0","0","0","0"
"AWS - Glacier","cmay22lb23","Linux File System","DefaultInstanceName","GCOM defaultBackupSet","GCOM_DB_MYSQL_02","STP_GCOM_FS_DB_02","2.AWS","0","0","0","0","0","0","0","0","0","0","0"
"DCCM - OnPremisses","cmay22lb23","Linux File System","DefaultInstanceName","GCOM defaultBackupSet","GCOM_DB_MYSQL_02","#STP_DATACENTER_DB_01","1.Primary","3.73","3.73","0","0","0","0","0","0","0","0.003","3.733"
"AWS - Glacier","cmay22lb23","Linux File System","DefaultInstanceName","GCOM defaultBackupSet","GCOM_DB_MYSQL_02","#STP_DATACENTER_DB_01","2.AWS","0","0","0","0","0","0","3.453","3.453","1.041","335.327","338.78"
"DCCM - OnPremisses","cmay22lb23","Linux File System","DefaultInstanceName","GCOM defaultBackupSet","GCOM_DB_MYSQL_02","#STP_DATACENTER_DB_02","1.Primary","0","0","0","0","0","0","0","0","0","0","0"
"AWS - Glacier","cmay22lb23","Linux File System","DefaultInstanceName","GCOM defaultBackupSet","GCOM_DB_MYSQL_02","#STP_DATACENTER_DB_02","2.AWS","0","0","0","0","0","0","0","0","0","0","0"
"AWS - Glacier","cmay22lb23","Linux File System","DefaultInstanceName","GCOM defaultBackupSet","GCOM_DB_MYSQL_02","_STP_DATACENTER_CLOUD_VAULT","Primary","0","0","0","0","0","0","0","0","0","0","0"
